zincid,SMILES,RF_Morgan,RF_MACCS,XGB_Morgan,XGB_MACCS,DNN_Morgan,DNN_MACCS,Consensus_Avg,Consensus_Weighted,Consensus_Votes,Consensus_Geometric,RF_Morgan_Binary,XGB_Morgan_Binary,DNN_Morgan_Binary,RF_MACCS_Binary,XGB_MACCS_Binary,DNN_MACCS_Binary,Models_Active_Count,Consensus_Active,Consensus_Weighted_Active,Vote_Active,Hit_Level
ZINCtj000013ffoE,O=C(NC[C@@H]1CO[C@H](CNC(=O)c2cc([N+](=O)[O-])ccc2Cl)C1)C1=COCCO1,0.425,0.46,0.8254104,0.4944088,0.95910984,0.99993,0.6939765131473541,0.6911856867235602,3.0,0.6515635908928638,0,1,1,0,0,1,3,1,1,0,Level_1_Low_Confidence
ZINCtz00000nexd6,Nc1ccc(C(=O)N2CCCN(C(=O)c3cc(Cl)ccc3F)CC2)c([N+](=O)[O-])c1,0.345,0.48,0.8425459,0.4242135,0.9650639,0.9999926,0.676135993997256,0.6727126061662714,3.0,0.6205811010202363,0,1,1,0,0,1,3,1,1,0,Level_1_Low_Confidence
ZINCso00001cj9As,Cn1c(Cl)cnc1CN[C@@H](c1csc([N+](=O)[O-])c1)c1nnnn1[C@H]1CCOC1,0.325,0.38,0.96919507,0.3980742,0.9721875,0.99996495,0.6740702915191651,0.6711188245496006,3.0,0.5992796113917107,0,1,1,0,0,1,3,1,1,0,Level_1_Low_Confidence
ZINCqC0000044PRF,CN(CC1CC1)[C@@H]1C[C@H]2C[C@H]1N(C(=O)Cc1cc(Br)ccc1[N+](=O)[O-])C2,0.235,0.48,0.44660318,0.9140759,0.9586406,0.99980724,0.6723544840017954,0.6653116775066293,3.0,0.5944712777308447,0,0,1,0,1,1,3,1,1,0,Level_1_Low_Confidence
ZINCto00000WjCJr,CC(C)n1ncc(C(=O)N[C@@H]2C[C@H]2NC(=O)Cc2ccc(Cl)c([N+](=O)[O-])c2)c1N,0.32,0.495,0.3983041,0.89487904,0.8948421,0.99997383,0.6671665116151173,0.660842913752752,3.0,0.6080111671828595,0,0,1,0,1,1,3,1,1,0,Level_1_Low_Confidence
ZINCqy00000EWSAF,Cc1ccnc(N[C@@H]2CC[C@]3(CCN(C(=O)[C@@H]4C[C@H]4F)C3)C2)c1[N+](=O)[O-],0.35,0.49,0.49803367,0.8399856,0.81945103,0.9998261,0.6662160648902257,0.6604682054164561,3.0,0.6235534557507917,0,0,1,0,1,1,3,1,1,0,Level_1_Low_Confidence
ZINCtt00000tnuAz,Cc1c([N+](=O)[O-])ccc(Br)c1C(=O)N1CCN(CCNC(=O)c2nccs2)CC1,0.345,0.47,0.74710107,0.42596525,0.98365057,0.9999956,0.661952078739802,0.6584216381472052,3.0,0.6084873704015672,0,1,1,0,0,1,3,1,1,0,Level_1_Low_Confidence
ZINCtl00000NZFLx,Cc1nc(O)nc(C)c1CC(=O)N1CCN(C(=O)c2cc(CC(C)C)on2)CC1,0.335,0.47,0.8996428,0.8719307,0.4077135,0.9796948,0.6606636383136113,0.6548386733836316,3.0,0.6056059160406402,0,1,0,0,1,1,3,1,1,0,Level_1_Low_Confidence
ZINCtE00000oJ3Qg,Cn1[nH]c(=NC(=O)[C@H]2C[C@H]2NCc2cccc(Br)c2[N+](=O)[O-])c2ccc(Cl)nc21,0.365,0.435,0.320425,0.88695437,0.9183913,0.99922,0.6541651119788487,0.6484701192040815,3.0,0.5881883871859936,0,0,1,0,1,1,3,1,1,0,Level_1_Low_Confidence
ZINCrv00000PQTRl,CCc1c(Br)cc(C(=O)N2CCn3c(nnc3[C@H]3CCCS3)C2)c(=O)n1C,0.37,0.4983333333333333,0.69109017,0.90163165,0.46364284,0.98723656,0.6519890913698408,0.6460065665763601,3.0,0.6120896718071698,0,1,0,0,1,1,3,1,1,0,Level_1_Low_Confidence
ZINCrs000004B0Fd,COC[C@@]1(C(=O)OC(C)(C)C)CCCN1C(=O)c1ccc(O)c([N+](=O)[O-])c1,0.26,0.435,0.49559492,0.7179438,0.9956022,0.9999629,0.6506839704513551,0.6449134954662187,3.0,0.5849583422894047,0,0,1,0,1,1,3,1,1,0,Level_1_Low_Confidence
ZINCrp00000q55vW,C#CC1(C(=O)NCC2(F)CCN(C(=O)c3cc([N+](=O)[O-])oc3C)CC2)CC1,0.275,0.455,0.43804276,0.8875575,0.84459317,0.999979,0.6500287421544393,0.6433755583966031,3.0,0.5874207160918816,0,0,1,0,1,1,3,1,1,0,Level_1_Low_Confidence
ZINCsD000001sm6q,CCOc1cc(C(=O)N[C@H]2CN(c3ccc(Br)cc3[N+](=O)[O-])CC2(C)C)on1,0.3,0.4416666666666667,0.7223792,0.49523953,0.923065,0.99992514,0.6470459239350425,0.6427408363943121,3.0,0.5936074797739256,0,1,1,0,0,1,3,1,1,0,Level_1_Low_Confidence
ZINCru00000ui4Tu,Cc1nc(N(C[C@@H]2CCNC2)C(=O)c2ccc(O)cc2[N+](=O)[O-])ncc1Br,0.36,0.375,0.64811534,0.4889964,0.98042035,0.99996483,0.6420828179518382,0.6386443103881592,3.0,0.5894515674891823,0,1,1,0,0,1,3,1,1,0,Level_1_Low_Confidence
ZINCsr00000cEl2Z,C[C@@H](Cc1ccco1)C(=O)N1CC(C)(NC(=O)c2ccc(O)c([N+](=O)[O-])c2)C1,0.255,0.485,0.48573363,0.759376,0.8680519,0.9999995,0.6421935045719147,0.6358017192157447,3.0,0.5838219309462125,0,0,1,0,1,1,3,1,1,0,Level_1_Low_Confidence
ZINCrm000011lx9K,Cc1nc(Cl)ccc1S(=O)(=O)N1CCOC2(CN(C(=O)[C@H]3CC3(C)C)C2)C1,0.345,0.74,0.37583974,0.9544439,0.4449012,0.99982,0.6433341340223948,0.6353599612256313,3.0,0.5865858062779997,0,0,0,1,1,1,3,1,1,0,Level_1_Low_Confidence
ZINCtK00000tIzjN,O=[N+]([O-])c1ccc(-c2cccc3c2CN(c2ccnc4cc(Br)nn24)CC3)cn1,0.285,0.335,0.822905,0.40356147,0.9860868,0.99973667,0.638714988231659,0.6352449830034946,3.0,0.5612525209865298,0,1,1,0,0,1,3,1,1,0,Level_1_Low_Confidence
ZINCrC00000bDolw,O=C(c1cc(Cl)ccc1Cl)N1CCN(C(=O)Cc2ccon2)[C@H](C2CC2)C1,0.37,0.49,0.8349982,0.9174423,0.3009255,0.9224515,0.6393029169241587,0.6337200009315571,3.0,0.5812247573988,0,1,0,0,1,1,3,1,1,0,Level_1_Low_Confidence
ZINCtK00000tIzkp,O=[N+]([O-])c1cc(Cl)ccc1CN1CCn2ncc(-c3ccc4c[nH]nc4c3)c2C1,0.32,0.335,0.85223883,0.37543204,0.9370659,0.9998956,0.6366053917010626,0.6335714405648252,3.0,0.5638566460966693,0,1,1,0,0,1,3,1,1,0,Level_1_Low_Confidence
ZINCsA000005D7Pa,C[C@H](NC(=O)[C@H]1C[C@@H]2C[C@@H]2N1C(=O)c1ccc([N+](=O)[O-])[nH]1)c1ccc(Cl)cc1,0.265,0.485,0.30163231,0.8412255,0.92469656,0.99999094,0.6362575540939966,0.6294559715825614,3.0,0.5579075048016792,0,0,1,0,1,1,3,1,1,0,Level_1_Low_Confidence
ZINCtH00000cKY4m,CC1(C)CCC[C@@H]1C(=O)NC[C@@H]1CCCN1C(=O)Cc1ccc(Cl)c([N+](=O)[O-])c1,0.4,0.475,0.46912646,0.5218751,0.9273026,0.9999639,0.6322113374869028,0.6283156340426586,3.0,0.5922012423337045,0,0,1,0,1,1,3,1,1,0,Level_1_Low_Confidence
ZINCtD000004jINt,CC(=O)c1cnc(Cl)nc1N1CCC[C@@H](CNC(=O)c2csc([N+](=O)[O-])c2)CC1,0.37,0.46,0.96838313,0.70776016,0.29400665,0.9999878,0.6333562858899434,0.6282976357564858,3.0,0.5699990349858469,0,1,0,0,1,1,3,1,1,0,Level_1_Low_Confidence
ZINCsI00000kXg0k,CN(C[C@@H]1CCCN(c2nccc(Br)n2)C1)C(=O)c1ccc([N+](=O)[O-])c(Br)c1,0.3,0.365,0.8728408,0.3020325,0.94644344,0.9998245,0.6310235474507014,0.6279843964559811,3.0,0.5487866644302896,0,1,1,0,0,1,3,1,1,0,Level_1_Low_Confidence
ZINCtK00000tIzjZ,O=[N+]([O-])c1cccc(CN2CCC[C@]3(CCCN(c4ncc(F)cn4)C3)C2)c1Cl,0.36,0.355,0.7907029,0.2997476,0.9733109,0.9998978,0.6297765219211579,0.6273207090171515,3.0,0.5557991039355049,0,1,1,0,0,1,3,1,1,0,Level_1_Low_Confidence
ZINCtu00000Eg0DX,Cc1cc(N2C[C@@H](NC(=O)/C=C\C(=O)NC3CC3)C3(CC3)C2)c(Cl)cc1[N+](=O)[O-],0.3075,0.49,0.37145755,0.7717709,0.8554442,0.9999442,0.6326861407359441,0.6265666086707554,3.0,0.5771221008105919,0,0,1,0,1,1,3,1,1,0,Level_1_Low_Confidence
ZINCto00000ZwQ89,O=C(CCc1ccccc1[N+](=O)[O-])N1CCN(C(=O)[C@H]2CCCCS2)C[C@@H](O)C1,0.26,0.48,0.4219547,0.65181077,0.9671475,0.9999907,0.6301506145795187,0.624273878521953,3.0,0.5669112870458488,0,0,1,0,1,1,3,1,1,0,Level_1_Low_Confidence
ZINCsN00000gCqho,O=C(c1ccsc1)N1C[C@H]2CCCN(C(=O)CCc3ccc(Br)c(F)c3)[C@H]2C1,0.44,0.445,0.8449827,0.43288714,0.74033314,0.8408248,0.6240046238899231,0.6224199418311424,3.0,0.595471954539005,0,1,1,0,0,1,3,1,1,0,Level_1_Low_Confidence
ZINCsM00001JHYDX,CC1(C)C[C@H]1CC(=O)N1CCC[C@@](F)(CNc2ncc([N+](=O)[O-])cc2Cl)CC1,0.23,0.49,0.3759224,0.802483,0.87692326,0.99994713,0.6292126379410425,0.622205707333612,3.0,0.5568430063138712,0,0,1,0,1,1,3,1,1,0,Level_1_Low_Confidence
ZINCtt00000tnuAB,Cc1c([N+](=O)[O-])ccc(Br)c1C(=O)N1CCOC[C@H]1CNC(=O)C1=COCCC1,0.35,0.435,0.48659253,0.56350976,0.9233583,0.99970114,0.6263602928320567,0.6219527077083046,3.0,0.5811801507922094,0,0,1,0,1,1,3,1,1,0,Level_1_Low_Confidence
ZINCty00000xArlL,O=C(Nc1cnn(C2COC2)c1)C1CCN(Cc2cc([N+](=O)[O-])ccc2Cl)CC1,0.28,0.45,0.59966236,0.4849101,0.9425218,0.9999998,0.6261823493242263,0.6214879548718742,3.0,0.570652402256303,0,1,1,0,0,1,3,1,1,0,Level_1_Low_Confidence
ZINCsH000001ROzb,O=C(NC[C@H](N=c1c(Cl)c[nH]cc1[N+](=O)[O-])C1CC1)[C@]1(C2CCC2)CC1(F)F,0.275,0.43,0.4867024,0.7088048,0.8584268,0.99988294,0.6264694907267888,0.6206503156398204,3.0,0.5719709254503524,0,0,1,0,1,1,3,1,1,0,Level_1_Low_Confidence
ZINCtQ00000x0bCH,O=C(c1cc(Cl)cc(Cl)c1Cl)N1CCN(CCNCc2c(O)cccc2Br)CC1,0.405,0.45,0.9203734,0.47673097,0.5694252,0.909463,0.621832094391187,0.6190457126772995,3.0,0.5881947101222752,0,1,1,0,0,1,3,1,1,0,Level_1_Low_Confidence
ZINCtE00000r7S7L,CC1=CC(F)=CC(C(=O)N[C@@H]2CCN(C(=O)C3=C(F)C=CC(Cl)=C3[N+](=O)[O-])C2)=C1,0.3625,0.445,0.5994548,0.48756033,0.8399799,0.99993294,0.6224046639601389,0.6184145652909651,3.0,0.5838242111172584,0,1,1,0,0,1,3,1,1,0,Level_1_Low_Confidence
ZINCsz00000igsMB,O=C(c1cc2ccnc(Cl)c2s1)N1CC[C@H]2CC[C@@H](C1)N2C(=O)[C@H](O)C1CC1,0.3,0.47666666666666674,0.7275208,0.8334712,0.42697996,0.97638273,0.6235035600927141,0.6171714462343401,3.0,0.5750204263625107,0,1,0,0,1,1,3,1,1,0,Level_1_Low_Confidence
ZINCsx00000gmFyZ,CS(=O)(=O)c1ccc(Cl)c(C(=O)N[C@@]23CCN(C(=O)C4=C(Cl)CC4)C[C@H]2C3)c1,0.355,0.71,0.4663206,0.9800797,0.858149,0.34670866,0.6193763269980749,0.6170491606969359,3.0,0.5699367754475548,0,0,1,1,1,0,3,1,1,0,Level_1_Low_Confidence
ZINCsv000005tEDW,Cc1ccc(C(=O)N2CC3(C2)CN(c2ccnc(C4CC4)n2)C3)c([N+](=O)[O-])c1,0.29,0.395,0.6536691,0.4476963,0.93706393,0.9999977,0.6205711708466212,0.6163962548337083,3.0,0.5617168645482076,0,1,1,0,0,1,3,1,1,0,Level_1_Low_Confidence
ZINCpO00000Nc3Yp,C[C@H]1CC[C@H](CNCc2ccc(-c3ccc(Cl)cc3[N+](=O)[O-])o2)OC1,0.28,0.435,0.46501148,0.5583684,0.9796217,0.9999616,0.6196605308850606,0.6145861483127513,3.0,0.5604182269406462,0,0,1,0,1,1,3,1,1,0,Level_1_Low_Confidence
ZINCqh00001AUBsq,CN(C)[C@H](CO)C(=O)N(Cc1ncc([N+](=O)[O-])n1C)CC1CCCCC1,0.27,0.28,0.7933387,0.4838357,0.8827547,0.99996024,0.6183148900667826,0.6143584758846472,3.0,0.5429379339547148,0,1,1,0,0,1,3,1,1,0,Level_1_Low_Confidence
ZINCtL000004yiGV,Cc1ncc(C(=O)N2CC3(CCN(c4c(Br)cccc4[N+](=O)[O-])CC3)C[C@@H]2C)o1,0.29,0.47,0.42644265,0.56625587,0.9627404,0.99997675,0.6192359493176142,0.6140174419575548,3.0,0.5625287450827019,0,0,1,0,1,1,3,1,1,0,Level_1_Low_Confidence
ZINCsv00000njF19,C#CC[C@@](C)(CC)C(=O)N[C@@H]1CC[C@@H](C)N(C(=O)c2[nH]nc([N+](=O)[O-])c2Cl)C1,0.275,0.49,0.30033326,0.6826336,0.97117287,0.99986506,0.6198341274261475,0.6137645770133809,3.0,0.5471330685761395,0,0,1,0,1,1,3,1,1,0,Level_1_Low_Confidence
ZINCnw00000mOvI0,CCOc1cc(N2CCN(C[C@H]3C=CC3)CC2)ccc1[N+](=O)[O-],0.26,0.48,0.47559008,0.57928556,0.9136641,0.9999874,0.6180878613392512,0.6124685868050189,3.0,0.5617203996949819,0,0,1,0,1,1,3,1,1,0,Level_1_Low_Confidence
ZINCsC000004NrZq,C[C@H](Cc1cnc[nH]1)C(=O)N1CC[C@@H](C)N(c2ccc([N+](=O)[O-])cc2Cl)CC1,0.345,0.5,0.8153245,0.3964929,0.6252938,0.99991006,0.6136702052752177,0.6096240833718726,3.0,0.5715663796524355,0,1,1,0,0,1,3,1,1,0,Level_1_Low_Confidence
ZINCnc000000MH6s,Cn1nc(Cl)c(C(=O)N2CCN([C@@H]3CCS(=O)(=O)C3)CC2)c1Cl,0.41,0.705,0.44087672,0.731116,0.43528464,0.96130353,0.6139301492770514,0.6079349572523265,3.0,0.582306608709306,0,0,0,1,1,1,3,1,1,0,Level_1_Low_Confidence
ZINCtK00000tIzjM,O=[N+]([O-])c1ccc(-c2cccc3c2CCN(c2ncnn4cc(Br)cc24)C3)cn1,0.255,0.335,0.69260037,0.40356147,0.97254616,0.99973667,0.6097407782077789,0.6056965882389258,3.0,0.5341077440131706,0,1,1,0,0,1,3,1,1,0,Level_1_Low_Confidence
ZINCrj00001S4eQD,C#Cc1ccc(Cl)c(C(=O)NCC[C@H]2CCN(c3cc(O)nc(O)n3)C2)c1,0.41,0.485,0.6454522,0.9076182,0.24872255,0.97055006,0.6112238399187724,0.6053492594822077,3.0,0.5514477041224952,0,1,0,0,1,1,3,1,1,0,Level_1_Low_Confidence
ZINCsi00001ihW19,CO[C@@]1(C(=O)N2CCN(C(=O)CCC(C)(C)[N+](=O)[O-])C3(CC3)C2)CCCOC1,0.33,0.485,0.87207144,0.60118103,0.3683874,0.9999841,0.6094373269875845,0.6042035659492438,3.0,0.5602112316418377,0,1,0,0,1,1,3,1,1,0,Level_1_Low_Confidence
ZINCtS00001dibuq,Clc1cc([C@@H](c2nnnn2CCC2CC2)N2CCC[C@H](C3CCC3)C2)c(Br)cn1,0.35,0.4,0.94864136,0.9264542,0.9667546,0.019139465,0.6018316044161717,0.6041116149924325,3.0,0.362702053436989,0,1,1,0,1,0,3,1,1,0,Level_1_Low_Confidence
ZINCtG00000QWyy6,Cc1cc([N+](=O)[O-])ccc1CN(Cc1cnn(CC2CC2)c1)C[C@H](O)C1CCC1,0.27,0.39,0.48257327,0.745793,0.7659004,0.99996483,0.6090385770797729,0.6030049351597508,3.0,0.5543633230779142,0,0,1,0,1,1,3,1,1,0,Level_1_Low_Confidence
ZINCtJ00000kcsaT,Cc1ccc(C(=O)N[C@H]2CCC[C@@H](NC(=O)c3cc(Cl)c(C)cc3[N+](=O)[O-])C2)o1,0.295,0.41,0.5253769,0.48521823,0.91406053,0.9999673,0.6049371588230134,0.6003611486769737,3.0,0.5516485131684673,0,1,1,0,0,1,3,1,1,0,Level_1_Low_Confidence
ZINCtG00000QWyy2,Cc1cc([N+](=O)[O-])ccc1CN(Cc1ccnn1CCF)C[C@]1(C)CCC[C@@H]1O,0.295,0.37,0.75851923,0.3907232,0.8106322,0.9994109,0.6040475978453954,0.600182450477113,3.0,0.5450101399050917,0,1,1,0,0,1,3,1,1,0,Level_1_Low_Confidence
ZINCnm00000MJpoi,CCn1ncc([N+](=O)[O-])c1C(=O)N1CCC[C@@H](OCC(F)F)C1,0.215,0.525,0.2855384,0.7668596,0.8514993,0.99991596,0.6073022121191025,0.5999328002439323,4.0,0.5254374117072583,0,0,1,1,1,1,4,1,0,1,Level_1_Low_Confidence
ZINCtg00001NWrFh,CC(C)(C)[C@@H]1CN(C(=O)Cn2ccc([N+](=O)[O-])n2)CCN1C(=O)[C@]1(F)CCOC1,0.345,0.39,0.66717494,0.24662222,0.96717954,0.99997586,0.6026587586601575,0.5998772099593007,3.0,0.5269572374308975,0,1,1,0,0,1,3,1,0,0,Level_1_Low_Confidence
ZINCtr00000dYmn1,COc1ccc(CC(=O)N2CC[C@@H]3[C@@H](NC(=O)[C@@H]4C[C@H]4C(C)C)[C@@H]32)cc1[N+](=O)[O-],0.265,0.375,0.37930596,0.7314573,0.8836827,0.9999918,0.6057396256923676,0.5997823671246252,3.0,0.5384244370016161,0,0,1,0,1,1,3,1,0,0,Level_1_Low_Confidence
ZINCtx00000ghNaP,COc1nscc1C(=O)N1CCN(C(=O)c2cccc3cc(O)ccc23)[C@H]2C[C@@H]21,0.335,0.585,0.6799747,0.9744186,0.07152187,0.9981829,0.6073496698836486,0.599636782264033,4.0,0.458333209429486,0,1,0,1,1,1,4,1,0,1,Level_1_Low_Confidence
ZINCsf00001ihW10,CO[C@]1(C(=O)N2CCN(C(=O)c3ccc(F)c(CO)c3)C3(CC3)C2)CCOC1,0.31,0.65,0.8189094,0.9298884,0.059625242,0.86849415,0.6061528714746237,0.5992464496945659,4.0,0.4467073870898991,0,1,0,1,1,1,4,1,0,1,Level_1_Low_Confidence
ZINCtn00000sjUGw,Cc1cc(C(=O)N2CC3(C2)CN(C(=O)[C@H]2CC[C@H]([N+](=O)[O-])CC2)CCO3)c(C)o1,0.23,0.455,0.50726813,0.7093006,0.73333687,0.99999946,0.605817506313324,0.599243040600567,4.0,0.5497751026664156,0,1,1,0,1,1,4,1,0,1,Level_1_Low_Confidence
ZINCtK00000tIzkk,O=[N+]([O-])c1ccc(F)cc1-c1cnc(NS(=O)(=O)Cc2ccc(Cl)cc2)c(O)c1,0.28,0.4009166666666667,0.79828656,0.14393009,0.9894488,0.9999731,0.6020925367342101,0.5992169102613525,3.0,0.48341193434837565,0,1,1,0,0,1,3,1,0,0,Level_1_Low_Confidence
ZINCtc00000o6O5l,NS(=O)(=O)c1ccc(C(=O)NC[C@H]2CC(F)(F)CN2C(=O)c2ncncc2Cl)o1,0.355,0.6799404761904762,0.33309966,0.92729795,0.46532515,0.87396735,0.6057717642803041,0.5990662289140837,3.0,0.5584154325819837,0,0,0,1,1,1,3,1,0,0,Level_1_Low_Confidence
ZINCrh00000DPbiW,CN(CCNC(=O)C(C)(C)c1cnco1)C(=O)c1c(Cl)c([N+](=O)[O-])nn1C,0.245,0.555,0.14791048,0.7555099,0.93134415,0.99998766,0.6057920336723327,0.5985726824001217,4.0,0.4918135618123698,0,0,1,1,1,1,4,1,0,1,Level_1_Low_Confidence
ZINCsq00000fVLUD,O=C(c1cn[nH]c1)N1CCCN(C(=O)c2sc3ncccc3c2Cl)[C@H](CO)C1,0.275,0.445,0.4916888,0.5444048,0.9128868,0.9499747,0.6031591844558716,0.5983291590721049,3.0,0.552381326621177,0,0,1,0,1,1,3,1,0,0,Level_1_Low_Confidence
ZINCsN00000gCsnn,O=C(c1occc1Br)N1C[C@H]2CN(C(=O)COc3c(Cl)cc(Cl)cc3Cl)[C@@H]2C1,0.33,0.71,0.54774636,0.9221228,0.13007991,0.9985325,0.6064135868350665,0.5982565808084839,4.0,0.4986381393577938,0,1,0,1,1,1,4,1,0,1,Level_1_Low_Confidence
ZINCtB00000kjZ1T,COc1ccc(C(=O)N[C@H]2CN(C(=O)c3sc(C)cc3Cl)CC23CC3)c(OC)n1,0.28,0.6975,0.6368436,0.94842386,0.07939842,0.9977529,0.6066531354188919,0.5979889170201957,4.0,0.45894650454044267,0,1,0,1,1,1,4,1,0,1,Level_1_Low_Confidence
ZINCtx00000iw6cC,Cc1ccc(C(=O)N2CCN(C(=O)COc3ccc([N+](=O)[O-])c(C)c3)[C@@H]3C[C@@H]32)s1,0.18,0.56,0.28345424,0.9249678,0.6917033,0.9999936,0.6066865011056265,0.5979723970856226,4.0,0.5132526505794728,0,0,1,1,1,1,4,1,0,1,Level_1_Low_Confidence
ZINCtM00000w5Rnn,CN(C(=O)c1ccc(Cl)c([N+](=O)[O-])c1)C1CC(NC(=O)c2cc(C3CC3)cs2)C1,0.27,0.5166666666666666,0.14275017,0.87531424,0.8235416,0.9999981,0.6047117917405235,0.5972691178885475,4.0,0.4929844924548785,0,0,1,1,1,1,4,1,0,1,Level_1_Low_Confidence
ZINCtK00000tIzks,O=[N+]([O-])c1cc(CN2CCc3nc(-c4cc(CO)ccc4F)sc3C2)ccc1F,0.335,0.32,0.79761726,0.22079314,0.923933,0.9998125,0.5995259854197502,0.5971336354220167,3.0,0.5092397849153085,0,1,1,0,0,1,3,0,0,0,Level_1_Low_Confidence
ZINCqy00000s5wAy,C[C@@H]1C[C@@H](c2ccoc2)CN1c1ccc(S(=O)(=O)N(C)C)cc1[N+](=O)[O-],0.29,0.475,0.6052533,0.41077897,0.82811326,0.9999863,0.6015219662586847,0.5969153390285816,3.0,0.5522301625690613,0,1,1,0,0,1,3,1,0,0,Level_1_Low_Confidence
ZINClu0000012gl6,Cc1cc(N[C@H]2C[C@@H]3CCCCN3C2=O)ccc1[N+](=O)[O-],0.31,0.345,0.88144165,0.16970104,0.8876102,0.99980545,0.5989263900121053,0.5964448643111168,3.0,0.4920766688933847,0,1,1,0,0,1,3,0,0,0,Level_1_Low_Confidence
ZINCtg00000f0s3H,C[C@@H](C(=O)N1CC[C@@H](OCCNC(=O)c2ncc([N+](=O)[O-])n2C)C1)c1ccco1,0.325,0.35,0.50431263,0.47143427,0.94976395,0.99997485,0.6000809500614802,0.5961116350711659,3.0,0.5431830295571255,0,1,1,0,0,1,3,1,0,0,Level_1_Low_Confidence
ZINCsN00001JHYDM,CC1(C)C[C@@H]1CC(=O)N1CCC2(CC1)CC(Nc1cccc(F)c1[N+](=O)[O-])C2,0.335,0.435,0.21371531,0.70082986,0.92522055,0.99999565,0.6016268960634867,0.5960901758264987,3.0,0.5218402995029189,0,0,1,0,1,1,3,1,0,0,Level_1_Low_Confidence
ZINCtb00001yFB74,C[C@@H]1C[C@H](C(=O)N[C@H]2[C@@H]3CN(C(=O)c4ccc(Cl)c(S(N)(=O)=O)c4)C[C@@H]32)CN1C,0.305,0.7110833333333332,0.5572876,0.98640543,0.17246927,0.890432,0.6037796021236314,0.5959835898278734,4.0,0.5133866931506691,0,1,0,1,1,1,4,1,0,1,Level_1_Low_Confidence
ZINCtu00000oCubp,COc1nscc1C(=O)N1CCN(C(=O)C23CC(F)(C2)C3)[C@@H](c2cccnc2)C1,0.3716666666666667,0.6366666666666666,0.45233405,0.8704187,0.28769764,0.997792,0.602762625945939,0.595607815676547,3.0,0.5468542506407443,0,0,0,1,1,1,3,1,0,0,Level_1_Low_Confidence
ZINCtj000013fhDa,O=C(NC[C@@H]1C[C@@H](O)CN1C(=O)c1cc(Cl)cnc1O)c1cc(CC2CC2)on1,0.335,0.54,0.6988794,0.93750876,0.12392379,0.9806111,0.6026538436611494,0.5954824508906256,4.0,0.49326232093144046,0,1,0,1,1,1,4,1,0,1,Level_1_Low_Confidence
ZINCtO00001rk78T,COC(=O)c1cc(CN(CC[C@@H]2CCC3(CCC3)O2)Cc2ncc(Cl)n2C)cs1,0.335,0.54,0.8915442,0.8401395,0.007277828,0.9996509,0.6022687424750378,0.5954423893235148,4.0,0.315474192294781,0,1,0,1,1,1,4,1,0,1,Level_1_Low_Confidence
ZINCtc000015maxk,Cn1ccc(C(=O)N2CCN(C(=O)[C@@H]3CCN3C(=O)OC(C)(C)C)CC2)cc1=O,0.43,0.475,0.60234874,0.59333795,0.6694267,0.8153687,0.5975803482532501,0.5948385371384045,4.0,0.5844242262557965,0,1,1,0,1,1,4,0,0,1,Level_1_Low_Confidence
ZINCtv000006OhpP,C[C@H]1C[C@@H](NC(=O)c2cc(O)nc(C3CC3)c2)CN1C(=O)c1cc(N)ccc1Cl,0.29625,0.56,0.4439443,0.957838,0.42285946,0.9307723,0.6019440114498139,0.5946488659770776,3.0,0.5502808592958045,0,0,0,1,1,1,3,1,0,0,Level_1_Low_Confidence
ZINCtx00000ghKRD,COc1nscc1C(=O)N(C)[C@H]1CN(C(=O)c2cc(C3CCC3)on2)CC12CC2,0.365,0.645,0.64392215,0.9455251,0.016938144,0.99727046,0.6022759781902035,0.5946176902902253,4.0,0.3664428899031469,0,1,0,1,1,1,4,1,0,1,Level_1_Low_Confidence
ZINCqz00000TBCIj,CC(C)c1nc(O)cc(N[C@@H]2[C@H]3CCN(C(=O)c4[nH]ccc4Br)C[C@H]32)n1,0.34,0.4725,0.81144816,0.91257626,0.07292419,0.99831283,0.6012935725351175,0.5944867808366497,3.0,0.45316687417268864,0,1,0,0,1,1,3,1,0,0,Level_1_Low_Confidence
ZINCtS00001dibus,Clc1cc([C@@H](c2nnnn2CCCC2CC2)N(CC2CC2)CC2CC2)c(Br)cn1,0.355,0.425,0.9050414,0.9282232,0.93401176,0.0033299474,0.5917677156735833,0.5939827601065369,3.0,0.27078294609376713,0,1,1,0,1,0,3,0,0,0,Level_1_Low_Confidence
ZINCtt00000tnuB7,CC1(CNS(=O)(=O)c2ccc(F)c([N+](=O)[O-])c2)CN(Cc2cc(O)ncc2Br)C1,0.265,0.5104166666666666,0.30277345,0.65118843,0.87201095,0.999998,0.6002312442329195,0.593921983425217,4.0,0.5342600573768205,0,0,1,1,1,1,4,1,0,1,Level_1_Low_Confidence
ZINCtT00000x0bCR,O=C(c1cc(Cl)cc(Cl)c1)N1CC2(CCCN2C(=O)Cc2ccc(Br)c(F)c2)C1,0.36,0.5,0.37981296,0.6554212,0.77266634,0.9242695,0.5986949976285298,0.5939158418922559,3.0,0.5634545571201872,0,0,1,0,1,1,3,0,0,0,Level_1_Low_Confidence
ZINCtw00000tFdcM,CO[C@H]1C[C@@H](C(=O)N=c2[nH]onc2C2CC2)N(S(=O)(=O)c2ccc(Cl)c(Cl)c2)C1,0.29,0.8083333333333332,0.52269286,0.9925937,0.01226086,0.9938501,0.6032884783256385,0.5938872417677237,4.0,0.33765620219730286,0,1,0,1,1,1,4,1,0,1,Level_1_Low_Confidence
ZINCsl00001pohYT,CN1CC2(CC(NC(=O)c3ccc(CNC(=O)CCC(C)(C)[N+](=O)[O-])o3)C2)C1,0.4,0.27,0.89624244,0.027713878,0.970854,0.9999795,0.5941316330308716,0.5935496116746612,3.0,0.3709214332136689,0,1,1,0,0,1,3,0,0,0,Level_1_Low_Confidence
ZINCtJ00000xQwa2,CN([C@@H]1CCN(S(=O)(=O)c2ccc(CBr)cc2)C1)S(=O)(=O)c1cccc(Cl)c1Cl,0.22,0.6716666666666667,0.41743314,0.8390067,0.853718,0.58828044,0.5983508255746629,0.5934158541096581,4.0,0.5442577396571275,0,0,1,1,1,1,4,0,0,1,Level_1_Low_Confidence
ZINCsz00000igsMZ,O=C(c1cc2occc2s1)N1CCN(C(=O)c2cnn(C3CC3)c2)[C@@H](CF)C1,0.3475,0.46,0.46830684,0.63288623,0.75392723,0.9235446,0.5976941478252411,0.5931325930145614,3.0,0.5663166723844049,0,0,1,0,1,1,3,0,0,0,Level_1_Low_Confidence
ZINCtB00000qkWf4,COC[C@@H]1CCCCN1C(=O)[C@@H]1CCCN(C(=O)c2cc(Cl)ccc2[N+](=O)[O-])C1,0.225,0.455,0.7485946,0.29028457,0.8643931,0.99987555,0.5971913027763367,0.5927106454609133,3.0,0.51759129818199,0,1,1,0,0,1,3,0,0,0,Level_1_Low_Confidence
ZINCtJ000006XX2h,Cc1ccc(C(=O)N2CC[C@H](CNc3ccc([N+](=O)[O-])cc3C(F)F)C2)nc1F,0.355,0.365,0.8302285,0.24184847,0.77960277,0.99994856,0.5952713839213053,0.5926585082551266,3.0,0.5222184427848222,0,1,1,0,0,1,3,0,0,0,Level_1_Low_Confidence
ZINCtB00000hkzq7,O=C(C[C@@H]1CCCC12CC2)N1CCN(C(=O)c2cccc([N+](=O)[O-])c2)[C@H](CF)C1,0.32,0.395,0.54966587,0.4080352,0.90551263,0.9999366,0.5963583781321843,0.5924033401536604,3.0,0.543127432118162,0,1,1,0,0,1,3,0,0,0,Level_1_Low_Confidence
ZINCtw00000tFdcz,CO[C@H]1C[C@@H](C(=O)Nc2nc(C)cs2)N(C(=O)c2cc([N+](=O)[O-])c(C)cc2F)C1,0.18666666666666665,0.4575,0.43704948,0.5540825,0.95492893,0.9999796,0.5983678679333793,0.592142488316723,3.0,0.5199012401562692,0,0,1,0,1,1,3,0,0,0,Level_1_Low_Confidence
ZINCst00000FaAFh,CC(C)N1CCN([C@H](c2occc2Br)c2nnnn2Cc2ccco2)CC1=O,0.3,0.605,0.15308288,0.84049726,0.8664839,0.8234029,0.5980778235197067,0.5921114365640261,4.0,0.5053808015436283,0,0,1,1,1,1,4,0,0,1,Level_1_Low_Confidence
ZINCtj000013fj4q,O=C(NC[C@@H]1C[C@@H]1CNC(=O)C12CC(C1)S(=O)(=O)C2)c1cccc([N+](=O)[O-])c1Cl,0.21,0.6008333333333333,0.113430925,0.7085194,0.9625269,0.9999952,0.5992176244490676,0.591624137138503,4.0,0.4622865092343276,0,0,1,1,1,1,4,0,0,1,Level_1_Low_Confidence
ZINCqq00000CyrKD,COc1nccnc1C(=O)N(Cc1cccs1)C[C@@H]1CCCN(C)C1=O,0.375,0.555,0.7777406,0.8497895,0.6467553,0.35006014,0.5923909185330073,0.5914417616188103,4.0,0.5609086917436092,0,1,1,1,1,0,4,0,0,1,Level_1_Low_Confidence
ZINCtt00000tnuAq,Cc1cnoc1C(=O)N[C@@H]1CN(S(=O)(=O)c2ccc(C#N)cc2Cl)CC(F)(F)C1,0.375,0.5816666666666667,0.60784334,0.76195496,0.34673437,0.9064672,0.5966110905673768,0.5910995055400451,4.0,0.5627245988836803,0,1,0,1,1,1,4,0,0,1,Level_1_Low_Confidence
ZINCtw00000tFdcx,CO[C@H]1C[C@@H](C(=O)Nc2ncc(Cl)nc2Br)N(C(=O)c2cccc([N+](=O)[O-])c2)C1,0.235,0.515,0.30138108,0.68572897,0.8486014,0.9999926,0.5976173430681229,0.5908062504622953,4.0,0.5261876912514601,0,0,1,1,1,1,4,0,0,1,Level_1_Low_Confidence
ZINCtK00000tIzka,O=[N+]([O-])c1ccc(CN2CCC[C@H](Nc3ncc4c(Cl)cccc4n3)CC2)nc1,0.355,0.265,0.9242297,0.07948616,0.92567885,0.9994362,0.5914718153079351,0.5902186029853549,3.0,0.43081767562455736,0,1,1,0,0,1,3,0,0,0,Level_1_Low_Confidence
ZINCrh00000DP7eY,CN(CCN1CCN(C(=O)[C@@H]2CCSC2)CC1)C(=O)CCC(C)(C)[N+](=O)[O-],0.32,0.365,0.8380559,0.06358211,0.96615756,0.99991864,0.5921190352241198,0.5901108350874261,3.0,0.42642621485091475,0,1,1,0,0,1,3,0,0,0,Level_1_Low_Confidence
ZINCtx00000ghLHL,COc1nscc1C(=O)N1CCCC2(C1)CN(C(=O)c1c(C)noc1C1CC1)C2,0.405,0.655,0.5113085,0.9515837,0.06294344,0.9994448,0.5975467335184416,0.5900880523089398,4.0,0.4483211937135819,0,1,0,1,1,1,4,0,0,1,Level_1_Low_Confidence
ZINCr500000VDWm2,CCCS(=O)(=O)[C@@H](C)C(=O)NCCNC(=O)COc1nn(C)cc1[N+](=O)[O-],0.28,0.465,0.58840096,0.2743634,0.95472646,0.99926585,0.5936261109511057,0.5896320208251898,3.0,0.5212288217486075,0,1,1,0,0,1,3,0,0,0,Level_1_Low_Confidence
ZINCtt00000tnuAx,Cc1c([N+](=O)[O-])ccc(Br)c1C(=O)N1C[C@@H](F)C[C@@H](C(=O)N2CC[C@H](CO)C2)C1,0.295,0.34,0.5779291,0.4944666,0.85670197,0.99984235,0.5939899996916452,0.5896217897513234,3.0,0.5391119468514569,0,1,1,0,0,1,3,0,0,0,Level_1_Low_Confidence
ZINCqR000006dwro,CN(Cc1ccsc1)[C@H]1CCN(S(=O)(=O)c2cc(Cl)c(Cl)s2)CC12CC2,0.405,0.695,0.44827473,0.9859525,0.27571803,0.76134545,0.595215117931366,0.5894468649735687,3.0,0.5446880333943199,0,0,0,1,1,1,3,0,0,0,Level_1_Low_Confidence
ZINCtC00000uKsXU,C[C@@H]1CN(c2nc(N3CCc4cc(Cl)cc(Cl)c4C3)nc3scnc23)CC(=O)N1,0.26,0.55,0.88904905,0.8137714,0.35982138,0.69212615,0.5941280023256937,0.5893635037097524,4.0,0.5434664479662177,0,1,0,1,1,1,4,0,0,1,Level_1_Low_Confidence
ZINCtw00000tFdcG,CO[C@H]1C[C@@H](C(=O)Nc2ncc([N+](=O)[O-])cc2Br)N(C(=O)c2ncccc2Cl)C1,0.245,0.515,0.3023539,0.68572897,0.8261778,0.9999926,0.5957088734706243,0.5889661384051572,4.0,0.5277788036812062,0,0,1,1,1,1,4,0,0,1,Level_1_Low_Confidence
ZINCrl00000C17C5,CN1CCN(C(=O)C(C)(C)O)C[C@@H]1CNC(=O)c1cc2ccnc(Cl)c2s1,0.305,0.41,0.9227355,0.18354675,0.7685909,0.95901614,0.5914815558989842,0.5888187294014802,3.0,0.4999249375285617,0,1,1,0,0,1,3,0,0,0,Level_1_Low_Confidence
ZINCqo00001RXx6D,O=C(NC1CC1)[C@H](c1cc(Br)c(Cl)s1)N1CCCN(C[C@@H](O)CO)CC1,0.37,0.555,0.6822778,0.898316,0.099953055,0.96597135,0.595253038406372,0.5885716835192755,4.0,0.4794841281383038,0,1,0,1,1,1,4,0,0,1,Level_1_Low_Confidence
ZINCsN00000gCsZk,O=C1Nc2ccc(Cl)cc2C2(CCN(C(=O)c3ccc(C4CC4)nc3)CC2)O1,0.305,0.585,0.61673397,0.89704484,0.17401259,0.9992084,0.5961666304866472,0.5884712789836504,4.0,0.507887366472388,0,1,0,1,1,1,4,0,0,1,Level_1_Low_Confidence
ZINCru00000ui4SL,Cc1ncn(C)c1NC(=O)[C@@H]1[C@H](O)CCN1C(=O)c1c(F)cc(Br)cc1Cl,0.36,0.5,0.3729006,0.74882406,0.79718375,0.77388185,0.5921317116419474,0.5881191369489575,3.0,0.5605053308077669,0,0,1,0,1,1,3,0,0,0,Level_1_Low_Confidence
ZINCtB000006SpKZ,Cc1coc(C)c1C(=O)N1CC[C@H]2CCN(C(=O)c3nccc(N)c3Cl)C[C@H]2C1,0.34,0.59,0.44011852,0.8538403,0.35581425,0.98921466,0.5948312866687774,0.5877238246227832,3.0,0.5461331215841406,0,0,0,1,1,1,3,0,0,0,Level_1_Low_Confidence
ZINCtS00001Pck4t,C[C@H](CCc1ccco1)N1C(=O)c2cccc(Br)c2[C@@H]1C(=O)NCCC1(C)CC1,0.38,0.585,0.5070455,0.8673206,0.67209953,0.53064114,0.5903511289755503,0.5875708757901021,5.0,0.5715664936947338,0,1,1,1,1,1,5,0,0,1,Level_1_Low_Confidence
ZINCtp000013Mtbx,O=C(Cc1ccsc1Cl)N1CC[C@@H](N2CCN(C(=O)c3ccc(=O)oc3)CC2)C1,0.36,0.65375,0.5757819,0.9071488,0.07288661,0.9998818,0.5949081787963708,0.5872616208635323,4.0,0.4557302473957336,0,1,0,1,1,1,4,0,0,1,Level_1_Low_Confidence
ZINCtH000004DnSB,C[C@H]1CC[C@H](NC(=O)c2occc2Br)CN1C(=O)C=Cc1cccc([N+](=O)[O-])c1,0.31,0.46666666666666673,0.3768527,0.51149845,0.8878317,0.99997836,0.5921379767523872,0.5871174767648638,3.0,0.5398638870022854,0,0,1,0,1,1,3,0,0,0,Level_1_Low_Confidence
ZINCtR00001dibur,Clc1cc([C@@H](c2nnnn2CCCC2CC2)N2CC[C@H](C3CCC3)C2)c(Cl)cn1,0.33,0.405,0.9449124,0.90823436,0.9115419,0.008894142,0.584763792132338,0.5868460798990114,3.0,0.3124207351598084,0,1,1,0,1,0,3,0,0,0,Level_1_Low_Confidence
ZINCqm00001RVA5a,CCn1nnnc1[C@H](NCCC[C@@H]1CCOC1=O)c1csc([N+](=O)[O-])c1,0.265,0.295,0.9546427,0.09490532,0.92425346,0.99975324,0.5889257884025574,0.5866032110926107,3.0,0.43249444475500365,0,1,1,0,0,1,3,0,0,0,Level_1_Low_Confidence
ZINCtc00000o6NX8,NS(=O)(=O)c1ccc(C(=O)NC[C@@H]2CC3(CO2)CN(C(=O)c2scnc2Cl)C3)o1,0.34,0.5987499999999999,0.5882955,0.87435126,0.16204618,0.9997896,0.5938720928629239,0.5865050373939756,4.0,0.5069038102509891,0,1,0,1,1,1,4,0,0,1,Level_1_Low_Confidence
ZINCrF00000X5vWo,O=C(O)CCCN(Cc1ccc(F)cc1Cl)S(=O)(=O)c1cc([N+](=O)[O-])cs1,0.27,0.6920833333333334,0.061053447,0.9211159,0.6264405,0.99999535,0.5951147553159131,0.5863933156089015,4.0,0.4329164348495588,0,0,1,1,1,1,4,0,0,1,Level_1_Low_Confidence
ZINCtK00000tIzkA,O=[N+]([O-])c1ccc(O)c(CN2CCC(Nc3ncnc4c(Br)cccc34)CC2)c1,0.335,0.385,0.8732734,0.20666258,0.7337188,0.9999194,0.5889290300011635,0.5861524071591965,3.0,0.5074602661698734,0,1,1,0,0,1,3,0,0,0,Level_1_Low_Confidence
ZINCt800001T0qdN,O=C(Cn1cccnc1=O)N1CC[C@H]2C[C@@H](C1)CN(C(=O)[C@@H](O)c1ccco1)C2,0.255,0.545,0.12822399,0.8853941,0.7574254,0.99241817,0.5939102798700332,0.5860825861324654,4.0,0.4775434147900812,0,0,1,1,1,1,4,0,0,1,Level_1_Low_Confidence
ZINCrl000011lx9R,Cc1nc(Cl)ccc1S(=O)(=O)N[C@H]1CN(C(=O)CCc2ccsc2)C[C@@H]1O,0.385,0.7707738095238096,0.29234245,0.9375691,0.18034948,0.99763554,0.5939450621557615,0.5857455260614333,3.0,0.4945705784831653,0,0,0,1,1,1,3,0,0,0,Level_1_Low_Confidence
ZINCrB000001fcws,Cc1nc(N2CCSC[C@@H]2CCNC(=O)c2ccc(Cl)s2)ncc1[N+](=O)[O-],0.22,0.48,0.29422697,0.6232611,0.9346218,0.99998736,0.5920162071784337,0.5855310481659909,3.0,0.5123984502799676,0,0,1,0,1,1,3,0,0,0,Level_1_Low_Confidence
ZINCtG00000QWyyj,Cc1cc([N+](=O)[O-])cc(C(=O)N2C[C@@H](Nc3cncc(Cl)n3)CC(F)(F)C2)c1C,0.3816666666666667,0.485,0.6859347,0.4504871,0.5351963,0.9999727,0.5897095835871167,0.5855256560620968,3.0,0.5593050350583849,0,1,1,0,0,1,3,0,0,0,Level_1_Low_Confidence
ZINCsA000005D6H0,C[C@H](NC(=O)[C@@H]1C[C@H]2C[C@@H]2N1S(=O)(=O)c1ccc(Br)cn1)c1cccc(F)c1,0.33,0.5725000000000001,0.27416897,0.8941002,0.6041772,0.8760191,0.5918275757630665,0.5854819413533446,4.0,0.5389667449108342,0,0,1,1,1,1,4,0,0,1,Level_1_Low_Confidence
ZINCoe00000HQTCH,C[C@@H](NC(=O)c1csnc1Cl)[C@@H]1C[C@H]1C(=O)N1CC(S(C)(=O)=O)C1,0.25,0.5652499999999999,0.13099235,0.77279836,0.86974645,0.9652606,0.5923412973086039,0.585184560826907,4.0,0.4785437641562199,0,0,1,1,1,1,4,0,0,1,Level_1_Low_Confidence
ZINCoI00000lBm3A,O=C(c1snc(O)c1Cl)N1C[C@H](F)C[C@H]1c1nc(C2(F)CC2)cs1,0.3766666666666667,0.73,0.34263656,0.9211505,0.18812391,0.99879944,0.5928961804178026,0.5849055052043134,3.0,0.5035714562331424,0,0,0,1,1,1,3,0,0,0,Level_1_Low_Confidence
ZINCs5000003VGDU,COc1n[nH]c(C(=O)N2CC[C@]3(C2)CN(C(=O)[C@H]2CCS2(=O)=O)CCO3)c1Cl,0.32,0.73,0.2865826,0.950159,0.2715333,0.9999987,0.5930456002553304,0.58438921530196,3.0,0.5084211160474281,0,0,0,1,1,1,3,0,0,0,Level_1_Low_Confidence
ZINCss00000xNZSS,CCOC1CCC(C(=O)N2C[C@@H](F)C[C@H](Nc3c([N+](=O)[O-])cnn3C)C2)CC1,0.27,0.42,0.5378014,0.71282166,0.6004946,0.99991995,0.5901729369163513,0.5839547851237844,4.0,0.5446469001089355,0,1,1,0,1,1,4,0,0,1,Level_1_Low_Confidence
ZINCtt00000tnuAG,Cc1c([N+](=O)[O-])ccc(Br)c1C(=O)N[C@H]1CN(C(=O)Cc2cc[nH]n2)CC12CC2,0.245,0.45,0.104824014,0.80074894,0.9439094,0.99997765,0.5907433355351289,0.5836818522489663,3.0,0.4538120891858064,0,0,1,0,1,1,3,0,0,0,Level_1_Low_Confidence
ZINCtz00000rCJAq,CO[C@H](F)C(=O)N(C)CCC1CCN(C(=O)c2ccc([N+](=O)[O-])c(SC)c2)CC1,0.32,0.41,0.9092861,0.22722864,0.65411806,0.999885,0.5867529678344726,0.5835781494269133,3.0,0.5106428740160281,0,1,1,0,0,1,3,0,0,0,Level_1_Low_Confidence
ZINCsp00000CWN69,CCOc1nc(C(=O)NC2CN(C(=O)c3cc(SC)ccc3[N+](=O)[O-])C2)co1,0.23,0.4,0.7330297,0.50377744,0.6664802,0.9999974,0.5888807880878448,0.583511925631381,4.0,0.5318906698511736,0,1,1,0,1,1,4,0,0,1,Level_1_Low_Confidence
ZINCtU00000x0bCg,O=C(c1cc(Cl)cc(Cl)c1Cl)N1C[C@@H]2C[C@H]1CN2Cc1cc(Cl)ccc1[N+](=O)[O-],0.26,0.485,0.6126725,0.51803184,0.65912426,0.9999856,0.5891356956958771,0.583507653660808,4.0,0.5456030964919018,0,1,1,0,1,1,4,0,0,1,Level_1_Low_Confidence
ZINCqD00000lenC0,C[C@H](CCC1CC1)Nc1ccc(S(=O)(=O)N2C[C@H]3C[C@@]3(CO)C2)c(Cl)c1,0.35,0.70375,0.9629399,0.9817649,0.467546,0.034681115,0.5834469886869192,0.5834837477728195,3.0,0.3946103055203073,0,1,0,1,1,0,3,0,0,0,Level_1_Low_Confidence
ZINCsA000005D8iJ,C[C@H](NC(=O)[C@]12CC[C@@H]1CN(S(=O)(=O)c1c(Cl)nc3sccn13)C2)C(C)(C)C,0.305,0.6641666666666666,0.55806863,0.95006335,0.074581936,0.9989949,0.5918125784065987,0.5833696861589771,4.0,0.44723488136095046,0,1,0,1,1,1,4,0,0,1,Level_1_Low_Confidence
ZINCtk00001v84Or,C[C@H](C(=O)N1C[C@H]2C[C@@H]2C1)C1CCN(C(=O)c2cc(S(N)(=O)=O)ccc2F)CC1,0.3275,0.7240000000000001,0.5334487,0.97767943,0.074182995,0.9108297,0.5912734741866589,0.5833407681491358,4.0,0.45046746247128744,0,1,0,1,1,1,4,0,0,1,Level_1_Low_Confidence
ZINCsH000001RNTf,O=C(NC[C@@]12CCCC[C@@H]1N(c1ncc3c(n1)COC3)CC2)c1cscc1Cl,0.325,0.43,0.69425017,0.6958599,0.4302144,0.95548123,0.5884676186243692,0.5831499244473505,3.0,0.5502365755205934,0,1,0,0,1,1,3,0,0,0,Level_1_Low_Confidence
ZINCtK00000tIzk2,O=[N+]([O-])c1ccc(Cl)cc1CN1Cc2[nH]nc(-c3cnc4cccnc4c3)c2C1,0.3125,0.36,0.6929623,0.26518717,0.88701475,0.9997111,0.5862292176485061,0.5830479343436288,3.0,0.5134955274232379,0,1,1,0,0,1,3,0,0,0,Level_1_Low_Confidence
ZINCtH00000cQ8uM,CC=C(CC)C(=O)NC[C@H]1CCCCN1C(=O)c1cc(OC)c(Cl)c([N+](=O)[O-])c1,0.235,0.455,0.37097946,0.55134785,0.91977227,0.9996218,0.5886202309528986,0.5827506793052591,3.0,0.52146897325871,0,0,1,0,1,1,3,0,0,0,Level_1_Low_Confidence
ZINCsD00000s28XX,Cc1ccc(F)cc1C(=O)N1CC[C@H]2CN(c3ncc(Br)c(O)n3)CC[C@@H]2C1,0.305,0.47,0.50032544,0.7682684,0.4930717,0.9978396,0.589084197084109,0.5826223253611976,3.0,0.5480947994306209,0,1,0,0,1,1,3,0,0,0,Level_1_Low_Confidence
ZINCqn00001RXx72,O=C(NC1CC1)[C@@H](c1ccc(Cl)c(Cl)c1)N1CCS(=O)(=O)C[C@H]1CCO,0.23,0.6625,0.4852754,0.7526538,0.43018514,0.9802153,0.5901382692654927,0.5822380683100815,3.0,0.5350721568671022,0,0,0,1,1,1,3,0,0,0,Level_1_Low_Confidence
ZINCsF00000773Oa,CC(=O)c1cc(N[C@H]2C[C@H](NC(=O)CC3(C(F)(F)F)CC3)C2)ccc1[N+](=O)[O-],0.24,0.402,0.15530793,0.8180462,0.91805303,0.99995244,0.5888932687242826,0.5819313112455057,3.0,0.4733793557846051,0,0,1,0,1,1,3,0,0,0,Level_1_Low_Confidence
ZINCtC00000jKr4C,C[C@@H]1C[C@H](NC(=O)c2sc([N+](=O)[O-])cc2Cl)CN1C(=O)c1ccc2c(n1)CCC2,0.245,0.54,0.40263596,0.40168145,0.93408215,0.99996704,0.5872277673085531,0.5817729512512261,3.0,0.5209397418965209,0,0,1,1,0,1,3,0,0,0,Level_1_Low_Confidence
ZINCqi00001zawex,Cc1nc(Cl)ccc1S(=O)(=O)N1CC(C(=O)N2CCC[C@@H](N(C)C)C2)C1,0.29,0.6591666666666666,0.21226218,0.6871168,0.68981946,0.9940249,0.5887316632933087,0.5815923284018857,4.0,0.5170964070860258,0,0,1,1,1,1,4,0,0,1,Level_1_Low_Confidence
ZINCtx00000uI2kU,COc1ccc(C(=O)N2CC[C@H](CCNC(=O)[C@H]3C[C@](C)(F)C3)C2)cc1[N+](=O)[O-],0.305,0.445,0.41745117,0.55435526,0.7988248,0.9999717,0.5867671519517899,0.5815325382584375,3.0,0.5410642314923872,0,0,1,0,1,1,3,0,0,0,Level_1_Low_Confidence
ZINCte00000YyqSM,O=C(NC[C@]1(F)CCCN(C(=O)c2csc(O)n2)C1)c1cnc(O)c([N+](=O)[O-])c1,0.23,0.495,0.7346908,0.6415281,0.4267747,0.9999962,0.5879983017841975,0.581382033740375,3.0,0.5328950979675072,0,1,0,0,1,1,3,0,0,0,Level_1_Low_Confidence
ZINCtM00000w5SCL,CN(C(=O)c1ccc(Cl)s1)C1CN(C(=O)c2ccc(C(C)(C)C)c([N+](=O)[O-])c2)C1,0.225,0.52,0.30369195,0.5734882,0.90332586,1.0,0.5875843308369318,0.5811482217125858,4.0,0.5138440625942031,0,0,1,1,1,1,4,0,0,1,Level_1_Low_Confidence
ZINCtK00000tIzkH,O=[N+]([O-])c1cc(F)ccc1CN1CCc2sc(-c3ccc(CO)cc3F)nc2C1,0.34,0.335,0.71840906,0.23030856,0.87854093,0.999844,0.5836837619543075,0.5810365203551366,3.0,0.504835604854744,0,1,1,0,0,1,3,0,0,0,Level_1_Low_Confidence
ZINCso00001214qZ,CC(C)c1sc(Cl)nc1C(=O)N1CCOC2(C1)CN(C(=O)C1[C@@H]3COC[C@@H]13)C2,0.285,0.605,0.68482804,0.93196535,0.028574772,0.99993914,0.5892178849875926,0.5809726958219885,4.0,0.38275685769445744,0,1,0,1,1,1,4,0,0,1,Level_1_Low_Confidence
ZINCsq00000lvQXC,COCC(COC)NC(=O)C[C@@H]1CCCN1C(=O)c1cc([N+](=O)[O-])ccc1Cl,0.24666666666666667,0.4725,0.5787387,0.59224373,0.6323836,0.9997554,0.5870480091041989,0.5809533441940379,4.0,0.5416618736448928,0,1,1,0,1,1,4,0,0,1,Level_1_Low_Confidence
ZINCtm00001yyzMC,Cc1ccc(F)c(O)c1C(=O)N1CCOC[C@H](NC(=O)Cn2cc(Cl)c(C)n2)C1,0.315,0.62,0.04615742,0.9208247,0.65341055,0.975089,0.5884136156241099,0.5806255991461006,4.0,0.4174058417650893,0,0,1,1,1,1,4,0,0,1,Level_1_Low_Confidence
ZINCsa00001RqzBK,Cn1nc(Br)nc1C(=O)N1C[C@@H](O)C[C@@H]1Cn1cc(C[C@H]2CCCOC2)nn1,0.26,0.535,0.2792482,0.8248665,0.7420977,0.8811563,0.5870614471038182,0.5805667397316466,4.0,0.5250522636908777,0,0,1,1,1,1,4,0,0,1,Level_1_Low_Confidence
ZINCsN00000gCtZG,O=S(=O)(c1cc(Cl)c(Cl)s1)N1CCC2(CC1)CC(N1Cc3cccnc3C1)C2,0.285,0.6666666666666665,0.2950702,0.9786346,0.40582275,0.8996054,0.5884666018353567,0.5805266439632883,3.0,0.521132302366691,0,0,0,1,1,1,3,0,0,0,Level_1_Low_Confidence
ZINCtp000013MrgS,O=C(Cc1ccon1)N[C@H]1CCSC12CN(C(=O)[C@@H](O)c1ccc(F)c(Cl)c1)C2,0.28,0.5266666666666667,0.4131107,0.63253546,0.67207104,0.9949706,0.5865590811438031,0.5802947036819819,4.0,0.5434735811755347,0,0,1,1,1,1,4,0,0,1,Level_1_Low_Confidence
ZINCtU00000x0bCO,O=C(c1cc(Cl)cc(Cl)c1Cl)N1[C@H]2CN(Cc3cc([N+](=O)[O-])c(Cl)cc3F)C[C@H]21,0.275,0.505,0.5339599,0.8956859,0.3165708,0.99998,0.5876994329690933,0.5800739718413521,4.0,0.5253617337074804,0,1,0,1,1,1,4,0,0,1,Level_1_Low_Confidence
ZINCpn000009dKB3,CCC(=O)N[C@@H]1C[C@@H]1[C@H]1CCCN(c2nc(=N)[nH]c(Cl)c2[N+](=O)[O-])C1,0.255,0.41,0.673186,0.8520073,0.33143508,0.99811023,0.5866231087843577,0.5795631209501984,3.0,0.5202913101018642,0,1,0,0,1,1,3,0,0,0,Level_1_Low_Confidence
ZINCsG000000vzde,CSC[C@@H]1CCN(c2ccc(S(=O)(=O)NC3CCC(C)CC3)cc2[N+](=O)[O-])C1,0.315,0.545,0.46448046,0.35328013,0.82894945,0.99831074,0.5841701304912568,0.5795488981321347,3.0,0.5344797443678503,0,0,1,1,0,1,3,0,0,0,Level_1_Low_Confidence
ZINCtf00001rXTy8,CCNC(=O)[C@@H]1CCCN1C(=O)[C@@H]1CN(S(=O)(=O)c2ccc(Cl)cc2F)CCO1,0.29,0.7257738095238097,0.46450788,0.91938645,0.49764192,0.61152154,0.5848052661570292,0.5794253807114572,3.0,0.5489125978901441,0,0,0,1,1,1,3,0,0,0,Level_1_Low_Confidence
ZINCsr000003mEFX,O=C(Cc1coc(C(F)F)n1)N1CC2(C1)CN(C(=O)c1csc([N+](=O)[O-])c1)C2,0.275,0.33,0.8981894,0.24031945,0.75143945,0.9999994,0.5824912878870964,0.5792270862633454,3.0,0.49505053762827333,0,1,1,0,0,1,3,0,0,0,Level_1_Low_Confidence
ZINCtc00000o6LK3,NS(=O)(=O)c1cc(C(=O)NCC(F)=C2CN(C(=O)c3cc(C4CC4)[nH]n3)C2)co1,0.335,0.6479999999999998,0.61994046,0.7235582,0.43844843,0.73745066,0.5837329559326171,0.579079530663524,4.0,0.5619303086469518,0,1,0,1,1,1,4,0,0,1,Level_1_Low_Confidence
ZINCtx00000ghKwm,COc1nscc1C(=O)N(C)C[C@H]1[C@@H]2CN(C(=O)c3ccc4c(c3)CCC4)C[C@H]12,0.37,0.55,0.55247253,0.9389133,0.2423406,0.8566229,0.5850582144657771,0.5790484471101287,4.0,0.5289964254854207,0,1,0,1,1,1,4,0,0,1,Level_1_Low_Confidence
ZINCpl000000JmVp,Cc1ccc(S(=O)(=O)N2CC[C@@H](OCc3nccs3)C2)cc1C(N)=O,0.21,0.615,0.27884224,0.8352206,0.67306584,0.9066988,0.5864712466796239,0.5788199410455446,4.0,0.5136048626155102,0,0,1,1,1,1,4,0,0,1,Level_1_Low_Confidence
ZINCtK00000472Ht,O=C(N[C@@H]1CCC[C@H]2CN(C(=O)c3c(F)cc(O)cc3F)C[C@@H]21)c1csc(Cl)c1,0.358,0.5675,0.59275633,0.78901637,0.21039137,0.99449265,0.5853594532410303,0.5787285010611757,4.0,0.5204832625943452,0,1,0,1,1,1,4,0,0,1,Level_1_Low_Confidence
ZINCtD000004jIIu,CC(=O)c1cnc(Cl)nc1N1CCC(N(C)C(=O)c2coc(C(C)(C)C)n2)CC1,0.255,0.61,0.7729914,0.91815436,0.00057581376,0.9633887,0.5866850454783222,0.5785178548860007,4.0,0.19853663678103584,0,1,0,1,1,1,4,0,0,1,Level_1_Low_Confidence
ZINCtT00000x0bCj,O=C(c1cc(Cl)cc(Cl)c1Cl)N1C[C@@H]2CCN(c3ncc4ccccc4n3)[C@H]2C1,0.325,0.44,0.50637996,0.5762642,0.9286236,0.7098983,0.5810276790459951,0.5783909362343186,4.0,0.5494291214155418,0,1,1,0,1,1,4,0,0,1,Level_1_Low_Confidence
ZINCtx00000ghJjc,COc1nsc(OC)c1C(=O)N1[C@H]2CC[C@H]1CN(C(=O)c1cc(C)ccc1F)C2,0.315,0.6416666666666667,0.4506468,0.90145,0.20987734,0.9976237,0.586044076151318,0.5780188949113759,3.0,0.508028849291143,0,0,0,1,1,1,3,0,0,0,Level_1_Low_Confidence
ZINCrj000011lx9H,Cc1nc(Cl)ccc1S(=O)(=O)N1C[C@H](O)C[C@@H]1C(=O)Nc1c(Br)cnn1C,0.29,0.6179166666666667,0.14332011,0.95365155,0.6533278,0.8524923,0.5851180705096987,0.5779966930308804,4.0,0.48881110311785575,0,0,1,1,1,1,4,0,0,1,Level_1_Low_Confidence
ZINCtx00000iw60s,Cc1ccc(C(=O)N2CCN(C(=O)COCC3CCC3)CC[C@@H]2C)cc1[N+](=O)[O-],0.345,0.37,0.7091922,0.13971867,0.9172907,0.9998845,0.5801810094714165,0.5778361597636067,3.0,0.47579076087929995,0,1,1,0,0,1,3,0,0,0,Level_1_Low_Confidence
ZINCtt00000xcDEy,Cc1cnc(C(=O)N2CC(Cn3cc(-c4cc([N+](=O)[O-])ccc4Cl)nn3)C2)cn1,0.29125,0.46,0.7444254,0.36890754,0.62919915,0.999999,0.5822968484958012,0.5777991776686188,3.0,0.533857107870931,0,1,1,0,0,1,3,0,0,0,Level_1_Low_Confidence
ZINCrC00000bDtzl,O=C(c1cc(O)cs1)N1C[C@@H]2C[C@H]1CN2C(=O)C1(c2ccc(Cl)cc2)CC1,0.295,0.59,0.36466432,0.7654315,0.49509954,0.9994925,0.584947985013326,0.5777155842003246,3.0,0.5372267380272497,0,0,0,1,1,1,3,0,0,0,Level_1_Low_Confidence
ZINCtU00000PSJNK,COc1ncc(S(=O)(=O)N(Cc2ccc(Cl)cc2)[C@@H](C)Cc2cccs2)cc1Br,0.325,0.53375,0.44025144,0.94812405,0.849706,0.38252077,0.579892041683197,0.5776688627401987,3.0,0.5353261794421923,0,0,1,1,1,0,3,0,0,0,Level_1_Low_Confidence
ZINCrq00000n36pM,COc1cn(C)c(C(=O)NC(C)(C)[C@@H](C)NC(=O)c2ccoc2Br)cc1=O,0.21166666666666664,0.52,0.58481854,0.5138898,0.6729114,0.9986317,0.5836530199315813,0.57738604614357,5.0,0.5302553147806921,0,1,1,1,1,1,5,0,0,1,Level_1_Low_Confidence
ZINCqu000004B2Lj,N#CC1(C(=O)N2CCc3c(cccc3N3CCOC3=O)C2)C[C@@H]2C[C@H]2C1,0.23,0.475,0.26294848,0.80235606,0.85462976,0.8770331,0.5836612361669541,0.577339829303694,3.0,0.5084429259492689,0,0,1,0,1,1,3,0,0,0,Level_1_Low_Confidence
ZINCtO0000163KIQ,CC(C)CC[C@H]1CCCN(S(=O)(=O)c2ccc(Br)cc2N2C[C@@H](O)C(C)(C)C2)C1,0.29,0.6854166666666666,0.63299567,0.9543182,0.4924933,0.43066323,0.5809811811314689,0.577192826783967,3.0,0.5424138729024204,0,1,0,1,1,0,3,0,0,0,Level_1_Low_Confidence
ZINCtA00000xgBUN,CCn1cc(CC(=O)N2CC[C@H](C3CC3)[C@H]2C(=O)Nc2ccc(Cl)c(O)c2)cn1,0.26,0.565,0.29165897,0.9584294,0.491063,0.94440943,0.5850934654474259,0.5771470570479723,3.0,0.5167642528326981,0,0,0,1,1,1,3,0,0,0,Level_1_Low_Confidence
ZINCtB00000kjZwv,COc1ccc(C(=O)N[C@H]2C[C@@H](CCNC(=O)c3c(C)nn(C4CC4)c3Cl)C2)o1,0.355,0.495,0.65486413,0.89121866,0.5656456,0.5167351,0.579743907848994,0.5771040688846127,4.0,0.5573528518797447,0,1,1,0,1,1,4,0,0,1,Level_1_Low_Confidence
ZINCtI00000xQwa3,CN([C@@H]1CCN(S(=O)(=O)c2cc(Cl)ccc2Cl)C1)S(=O)(=O)Cc1ccc(Cl)cc1,0.265,0.6616666666666667,0.4968084,0.8132613,0.90191686,0.33532935,0.5789970937040118,0.5766877823659432,3.0,0.5270158858098225,0,0,1,1,1,0,3,0,0,0,Level_1_Low_Confidence
ZINCtj000013fbV6,O=C(NC[C@@H]1COCCN(C(=O)[C@H]2C[C@@H](O)C2)C1)c1c(F)ccc(Cl)c1[N+](=O)[O-],0.315,0.435,0.5135483,0.4592659,0.76463515,0.99998796,0.5812395513057709,0.5765936199570377,3.0,0.5396958217823143,0,1,1,0,0,1,3,0,0,0,Level_1_Low_Confidence
ZINCrl00001fVlvl,COc1cc(N)c([N+](=O)[O-])cc1S(=O)(=O)NC(=O)CC1(CBr)CCOCC1,0.215,0.49,0.05667343,0.8558204,0.8882377,0.9999988,0.5842883949975173,0.576386401657517,3.0,0.40689988023457774,0,0,1,0,1,1,3,0,0,0,Level_1_Low_Confidence
ZINCsv000005tCSN,Cc1ccc(C(=O)N2CC(C[C@H](C)NC(=O)c3cc(Cl)c([N+](=O)[O-])[nH]3)C2)cn1,0.23916666666666667,0.5175,0.7275434,0.49311054,0.51607966,0.99999285,0.5822321882512834,0.5763056416066261,4.0,0.5329518493963256,0,1,1,1,0,1,4,0,0,1,Level_1_Low_Confidence
ZINCtK00000tIzkx,O=[N+]([O-])c1cc(CNC[C@@H]2CCCN2c2ncc3ccccc3n2)c(F)cc1Cl,0.26,0.32,0.61151433,0.29897666,0.9898085,0.9992866,0.579931013584137,0.5762540918969093,3.0,0.49686081598715054,0,1,1,0,0,1,3,0,0,0,Level_1_Low_Confidence
ZINCtt00000tnuAI,Cc1c([N+](=O)[O-])ccc(F)c1C(=O)N1CCC[C@H](CN(C)C(=O)c2cn[nH]c2)C1,0.335,0.335,0.6486779,0.28332642,0.873508,0.99990743,0.5792366188764572,0.5762151563336663,3.0,0.5120024920110191,0,1,1,0,0,1,3,0,0,0,Level_1_Low_Confidence
ZINCtn00000Vfb4J,Cc1noc(Cl)c1CC(=O)N1C[C@H](O)C[C@@H](NC(=O)Cc2ccc(F)c(F)c2)C1,0.305,0.5525,0.08843873,0.8682905,0.6905761,0.9972718,0.5836795106033484,0.5761943033379865,4.0,0.4553312425907185,0,0,1,1,1,1,4,0,0,1,Level_1_Low_Confidence
ZINCsN00000gCryU,O=C(c1cscn1)N1CCC[C@]2(CCCN2C(=O)Cc2cc(Br)ccc2Cl)C1,0.4,0.56,0.6539984,0.67441624,0.22732744,0.97056663,0.5810514475901921,0.5756085813383683,4.0,0.5285324458779507,0,1,0,1,1,1,4,0,0,1,Level_1_Low_Confidence
ZINCqF00000kxqEe,COc1ncc(F)cc1C(=O)N1CCc2ccc(-c3cscn3)cc2C1,0.305,0.61,0.7073942,0.8492538,0.039237212,0.98712605,0.5830018701901039,0.5753948135177294,4.0,0.4037072671030236,0,1,0,1,1,1,4,0,0,1,Level_1_Low_Confidence
ZINCqq00000CyrKI,COc1nccnc1C(=O)N(Cc1cnn(C)c1Cl)C[C@@]1(C)CCCO1,0.2775,0.665,0.7826333,0.86306536,0.023424167,0.88373035,0.5825588642805815,0.5752539050948957,4.0,0.37034949991029187,0,1,0,1,1,1,4,0,0,1,Level_1_Low_Confidence
ZINCtH00000AXLr0,COc1cc(C#N)ccc1C(=O)N1CC[C@H](OCc2nc(-c3ccco3)cs2)C1,0.33,0.65875,0.30975908,0.9142302,0.31737286,0.9647137,0.5824709765116374,0.5746736650855828,3.0,0.5158780737051418,0,0,0,1,1,1,3,0,0,0,Level_1_Low_Confidence
ZINCsH000001RNWT,O=C(NC[C@@]12CCCC[C@H]1N(c1ccc([N+](=O)[O-])cc1F)CC2)c1ccns1,0.26,0.4829166666666667,0.45218974,0.63150364,0.65918136,0.99994653,0.5809563238090939,0.5746491212005029,3.0,0.5356987513391798,0,0,1,0,1,1,3,0,0,0,Level_1_Low_Confidence
ZINCrs000003h8KZ,C[C@H]1CN(C(=O)CCOCC(F)F)C[C@@H]1CN=c1[nH]c(Cl)ncc1[N+](=O)[O-],0.26,0.45,0.942104,0.69172955,0.14205097,0.9993973,0.5808802953362465,0.574431904812231,3.0,0.47032770698429377,0,1,0,0,1,1,3,0,0,0,Level_1_Low_Confidence
ZINCt800002pFzxi,CN1C[C@@](Nc2ccc(F)c(S(N)(=O)=O)c2)(c2nnnn2CC(F)F)CCC1=O,0.2275,0.6711071428571428,0.8387123,0.93842906,0.25573257,0.54317576,0.5791094664221718,0.5739102959132846,4.0,0.5055363096669984,0,1,0,1,1,1,4,0,0,1,Level_1_Low_Confidence
ZINCtE00000oJ3PE,Cn1[nH]c(=NC(=O)[C@]2(F)CCN(Cc3ccc(O)c(Cl)c3)C2)c2cc(I)cnc21,0.265,0.535,0.6565823,0.93126297,0.1086782,0.995176,0.5819499137500922,0.5738684017734325,4.0,0.45919862857841076,0,1,0,1,1,1,4,0,0,1,Level_1_Low_Confidence
ZINCsq000007ClaS,CC(C)Oc1ccc(C(=O)NC23CC(C2)N(C(=O)c2cc(Cl)n(C)n2)C3)cn1,0.25,0.625,0.73073715,0.9012222,0.009898008,0.9764125,0.5822116436126331,0.5738473442508608,4.0,0.31593594294646765,0,1,0,1,1,1,4,0,0,1,Level_1_Low_Confidence
ZINCsI00000kXg0U,CN(C[C@@H]1CCCN(C(=O)c2cc(Br)ccc2[N+](=O)[O-])C1)C(=O)C1(C)CCC1,0.27,0.375,0.66121936,0.38168812,0.77905416,0.99997216,0.5778223009904225,0.5734730257210157,3.0,0.5205959671798995,0,1,1,0,0,1,3,0,0,0,Level_1_Low_Confidence
ZINCrB000001fcZ9,Cc1nc(N2CC[C@@H]3CCN(C(=O)c4c(C)noc4C)C[C@@H]3C2)ncc1Br,0.27,0.4433333333333333,0.3533862,0.80211586,0.61781526,0.9948361,0.5802477887603972,0.573370061295534,3.0,0.5246445494491883,0,0,1,0,1,1,3,0,0,0,Level_1_Low_Confidence
ZINCqz000008gbd3,CC(C)=C(F)C(=O)N1C[C@@H]2C[C@H]1CN2C(=O)c1ccc(Cl)c([N+](=O)[O-])c1,0.26,0.475,0.35034287,0.60804796,0.78373015,0.9999585,0.5795132493972778,0.5733574699848256,3.0,0.5236499935103018,0,0,1,0,1,1,3,0,0,0,Level_1_Low_Confidence
ZINCtK00000tIzjJ,O=[N+]([O-])c1ccc(Br)c(CN[C@H]2CCN(S(=O)(=O)c3cccc(Br)c3)C[C@@H]2F)c1,0.3,0.5641666666666667,0.31408286,0.46365523,0.8304468,0.9996637,0.5786692085531023,0.5731554281260668,3.0,0.5229846822689203,0,0,1,1,0,1,3,0,0,0,Level_1_Low_Confidence
ZINCtx00000ghMU1,COc1nscc1C(=O)N1CCN(C(=O)CCc2ncccc2C)CC(C)(C)C1,0.41,0.545,0.83893186,0.8332545,0.2519321,0.57564497,0.5757939098278682,0.5731197553577152,4.0,0.5319291958553716,0,1,0,1,1,1,4,0,0,1,Level_1_Low_Confidence
ZINCrH00000yfzvT,CO[C@@H]1CCN(C(=O)c2ccoc2CNC(=O)c2csc(Cl)c2)C12CCC2,0.318,0.675,0.53026444,0.9014642,0.076237224,0.98616034,0.581187703837951,0.5730616900937776,4.0,0.44450953645774566,0,1,0,1,1,1,4,0,0,1,Level_1_Low_Confidence
ZINCtx00000ghNBs,COc1nscc1C(=O)N1CC[C@@H]([C@H]2CCN(C(=O)c3cc(C)nc(C)c3)C2)C1,0.345,0.56,0.8658491,0.84596455,0.07209431,0.77962774,0.5780892792344093,0.5729075423813035,4.0,0.44678469697598333,0,1,0,1,1,1,4,0,0,1,Level_1_Low_Confidence
ZINCqC00000kwbQ4,Cc1nn2c(C(=O)N3CCC(Oc4ncccc4Br)CC3)c(C)nc2s1,0.385,0.63,0.18295345,0.944321,0.3434798,0.9970262,0.5804634068409602,0.5728387299327985,3.0,0.49295985179558616,0,0,0,1,1,1,3,0,0,0,Level_1_Low_Confidence
ZINCrF00000NaeXt,C[C@@H](CC(=O)N1CCC(C[C@@H](C)NS(=O)(=O)c2ccoc2Cl)CC1)C(F)F,0.355,0.6741666666666666,0.3479859,0.95318204,0.17785199,0.9749133,0.58051664845811,0.5725405638282743,3.0,0.489545399615914,0,0,0,1,1,1,3,0,0,0,Level_1_Low_Confidence
ZINCtn0000098Pkd,COc1ccc([N+](=O)[O-])c(N2C[C@@H]3CC[C@@H](NC(=O)c4csc(O)n4)C[C@H]3C2)n1,0.3,0.395,0.6163582,0.16083361,0.98114955,0.9999762,0.5755529341101647,0.5725138057884595,3.0,0.47527197553389566,0,1,1,0,0,1,3,0,0,0,Level_1_Low_Confidence
ZINCrs000005qfaa,CC(=O)c1cc(C(=O)N2CC[C@@H](N(C)C(=O)c3ccc(Cl)nc3O)C2)cs1,0.34,0.76,0.43321365,0.94743633,0.007022856,0.99781317,0.580914334145685,0.5721804904686749,3.0,0.30096635126359483,0,0,0,1,1,1,3,0,0,0,Level_1_Low_Confidence
ZINCrf00000vjNxP,C[C@H](F)CC(=O)N1CC[C@@H](C)N(C(=O)Cn2cccc([N+](=O)[O-])c2=O)CC1,0.295,0.48,0.45366946,0.73869824,0.50455904,0.9999001,0.5786378075679143,0.5720619752221073,3.0,0.5368542695045001,0,0,1,0,1,1,3,0,0,0,Level_1_Low_Confidence
ZINCrj00001S4eQK,CCC1(CC)CCN1[C@H](c1ccc(S(N)(=O)=O)s1)c1nnnn1C1COC1,0.295,0.53,0.33329287,0.78153825,0.7275443,0.79636896,0.5772907306750615,0.572011078097296,4.0,0.5355598191509888,0,0,1,1,1,1,4,0,0,1,Level_1_Low_Confidence
ZINCtU00000x0bCt,O=C(c1cc(Cl)cc(Cl)c1Cl)N1C[C@@H]2CN(Cc3cc(F)c(O)c(Br)c3)C[C@@H]2C1,0.375,0.53,0.3182031,0.8767588,0.47422752,0.8925059,0.5777825512488683,0.5718585872227419,3.0,0.5350753184402904,0,0,0,1,1,1,3,0,0,0,Level_1_Low_Confidence
ZINCrC00000bDteB,O=C(c1cc(O)ccc1Cl)N1[C@H]2CC[C@@H]1CN(C(=O)C1(C(F)(F)F)CC1)C2,0.29,0.65,0.1581954,0.94766957,0.45304278,0.9828738,0.5802969241142273,0.5718295541215449,3.0,0.482280667970189,0,0,0,1,1,1,3,0,0,0,Level_1_Low_Confidence
ZINCtH000004Dnl6,C[C@H]1CC[C@H](NC(=O)c2coc(S(C)(=O)=O)c2)CN1c1nc2ccc(Cl)cc2s1,0.305,0.6475,0.5322234,0.7438433,0.26462942,0.9803902,0.5789310558636983,0.5717016381490314,4.0,0.5222262390169635,0,1,0,1,1,1,4,0,0,1,Level_1_Low_Confidence
ZINCtB00000qkWeG,COC[C@H]1CCCCN1C(=O)c1nc(NS(=O)(=O)c2ccc(Cl)cc2Cl)cn1C,0.31,0.7266666666666667,0.48432153,0.8462063,0.18838999,0.91895026,0.5790891258584129,0.5714848013690741,3.0,0.5018910661726405,0,0,0,1,1,1,3,0,0,0,Level_1_Low_Confidence
ZINCt500001cLqtV,CC(C)[C@H]1CN(C(=O)CNS(C)(=O)=O)CCN1C(=O)Cc1nn(C)cc1[N+](=O)[O-],0.3,0.515,0.5565287,0.19282569,0.88743913,0.99998903,0.5752970903118452,0.5714466569778767,4.0,0.4950158720628193,0,1,1,1,0,1,4,0,0,1,Level_1_Low_Confidence
ZINCts00000uB2lb,Cc1nn[nH]c1C(=O)N[C@H]1CN(C(=O)c2c(C)oc3nc(Cl)ccc23)CC12CC2,0.37,0.58,0.21409625,0.8950178,0.52162266,0.8846778,0.5775690893332164,0.5713048596077777,4.0,0.516458393238555,0,0,1,1,1,1,4,0,0,1,Level_1_Low_Confidence
ZINCsD000001skKX,CCOc1cc(C(=O)N[C@@H]2CC[C@H](CNc3ccc(C)cc3[N+](=O)[O-])C2)on1,0.365,0.295,0.65786934,0.14851134,0.97147524,0.9996683,0.5729207029938698,0.5710300033016408,3.0,0.4658187488880149,0,1,1,0,0,1,3,0,0,0,Level_1_Low_Confidence
ZINCth00001rXTyF,CCN(C(=O)[C@H]1CN(C(=O)c2ccc([N+](=O)[O-])c3c2OCO3)CC[C@H]1O)C1CC1,0.215,0.425,0.3533421,0.89225817,0.5874313,0.9995543,0.5787643069028855,0.570959417067521,3.0,0.5066555379240598,0,0,1,0,1,1,3,0,0,0,Level_1_Low_Confidence
ZINCrA00000kUpyX,N#Cc1cc(C(=O)N[C@]23C[C@H]2CN(C(=O)Cc2cscc2Br)C3)ccc1F,0.37,0.4675,0.51417655,0.72801346,0.7136295,0.6479805,0.5735499997933705,0.5708281138010903,4.0,0.5572434295773242,0,1,1,0,1,1,4,0,0,1,Level_1_Low_Confidence
ZINCsH000001ROzA,O=C(NC[C@H](N=c1c([N+](=O)[O-])c[nH]c2c(Cl)cccc12)C1CC1)c1ccc[nH]1,0.265,0.425,0.14053409,0.83266926,0.804001,0.99982774,0.5778386770685514,0.5707817291748439,3.0,0.46864623110404635,0,0,1,0,1,1,3,0,0,0,Level_1_Low_Confidence
ZINCnt00000mOvH4,CCOc1ccc([N+](=O)[O-])c(N[C@H]2CCN(CCF)C2)c1C#N,0.34,0.2975,0.72765106,0.10102415,0.97290534,0.99664944,0.5726216653982799,0.5707722100087091,3.0,0.4395293486559109,0,1,1,0,0,1,3,0,0,0,Level_1_Low_Confidence
ZINCre00000Sk3qH,Cc1c(C(=O)N2CC[C@](O)(CN(C)C(=O)c3snc(O)c3Cl)C2)ncn1C,0.335,0.6229166666666667,0.6766203,0.81158316,0.037576582,0.9843403,0.5780061708307929,0.5707682993271812,4.0,0.40228690253567856,0,1,0,1,1,1,4,0,0,1,Level_1_Low_Confidence
ZINCtN0000163KJ0,CC(C)CC[C@H]1CCCN(S(=O)(=O)c2ccc(N3C[C@@H](O)C(C)(C)C3)c(Cl)c2)C1,0.285,0.7104166666666666,0.71272373,0.97295696,0.5666332,0.18863943,0.5727283351288901,0.5707213358394361,4.0,0.49665090078479884,0,1,1,1,1,0,4,0,0,1,Level_1_Low_Confidence
ZINCtl00000L82WP,CO[C@H](C(=O)N1C[C@](C)(CNC(=O)c2c([N+](=O)[O-])cnn2C)CC1(C)C)C1CC1,0.205,0.385,0.2608377,0.65688616,0.9566419,0.9980433,0.5770681792497635,0.5706347280698465,3.0,0.4843533521055648,0,0,1,0,1,1,3,0,0,0,Level_1_Low_Confidence
ZINCsV00001JHYDS,CC1(C)C[C@H]1CC(=O)N1CCCC[C@@H]1c1nc(Cc2c(F)cccc2Cl)cs1,0.34666666666666673,0.54,0.15348661,0.8542915,0.8471302,0.70846856,0.5750072517659929,0.5705004513630066,4.0,0.49511816400809433,0,0,1,1,1,1,4,0,0,1,Level_1_Low_Confidence
ZINCs800001zlNjl,O=C(Cn1ccc(=O)c([N+](=O)[O-])c1)N[C@@H]1C[C@@H]1NC(=O)[C@@H]1CCC2(CCC2)O1,0.22,0.37,0.34557477,0.71963763,0.8061542,0.99999166,0.5768930409351984,0.5703194380905611,3.0,0.5036348771335304,0,0,1,0,1,1,3,0,0,0,Level_1_Low_Confidence
ZINCtA00000m8w3Y,O=C([C@H]1SCCc2sccc21)N1CCN(C(=O)C2(CC3CCC3)CC2)C[C@@H](O)C1,0.3,0.59,0.3849976,0.83644074,0.38198167,0.97277,0.5776983324686685,0.5702923232443788,3.0,0.5260009469562795,0,0,0,1,1,1,3,0,0,0,Level_1_Low_Confidence
ZINCrC000005cvEL,CC[C@H]1OCC[C@H]1C(=O)NC[C@@H]1C[C@H](F)CN1c1ccc([N+](=O)[O-])cc1Br,0.2,0.41,0.38782814,0.74105823,0.7244904,0.9993375,0.5771190450588862,0.5700496343771616,3.0,0.5073897867116036,0,0,1,0,1,1,3,0,0,0,Level_1_Low_Confidence
ZINCsw00000aoOqg,CCc1cc(Cl)ccc1C(=O)N1CCN(CCNC(=O)Cc2ccco2)CC1,0.405,0.58,0.5588487,0.7409065,0.75998265,0.37938246,0.5706867104768752,0.5699588468057889,4.0,0.5511928732316045,0,1,1,1,1,0,4,0,0,1,Level_1_Low_Confidence
ZINCtD0000005hF1,CCO[C@@H](C)c1nc(CN2CCN(C(=O)c3ncccc3OC(C)C)CC2)cs1,0.33,0.595,0.644848,0.9184682,0.011170977,0.9643719,0.5773098438046872,0.5697772046183863,4.0,0.32833310909073116,0,1,0,1,1,1,4,0,0,1,Level_1_Low_Confidence
ZINCqi00001zawes,Cc1nc(Cl)ccc1S(=O)(=O)N1CC(CC(=O)N2CC[C@@H](O)[C@H](C)C2)C1,0.31,0.6166666666666667,0.35751778,0.5619734,0.6530795,0.95220083,0.5752396963702308,0.5693966333888665,4.0,0.5366445170383302,0,0,1,1,1,1,4,0,0,1,Level_1_Low_Confidence
ZINCsp00000CWFyq,CCOc1nc(C(=O)N2CCN(C(=O)c3c(C)ccc4nsnc34)CC2)co1,0.35,0.525,0.4407093,0.8650028,0.31660974,0.9584845,0.5759677191575369,0.5693070371522971,3.0,0.5263214516160502,0,0,0,1,1,1,3,0,0,0,Level_1_Low_Confidence
ZINCrw000003Tvr1,Cc1cnn(C)c1C(=O)N1C[C@H](CNc2ncc(Cl)cc2[N+](=O)[O-])C[C@H]1C,0.285,0.425,0.7461097,0.3523246,0.63284653,0.9992998,0.573430114587148,0.5690632878465856,3.0,0.5215896281556931,0,1,1,0,0,1,3,0,0,0,Level_1_Low_Confidence
ZINCtG000003pVs6,CC(=O)Nc1nc(C(=O)N2CCC[C@@H](CNc3ccc([N+](=O)[O-])cc3Cl)C2)cs1,0.2866666666666667,0.455,0.6822005,0.5053285,0.51643145,0.99999297,0.5742700086699591,0.5689473196997992,4.0,0.5341304497986487,0,1,1,0,1,1,4,0,0,1,Level_1_Low_Confidence
ZINCtn0000098OqF,COc1ccc([N+](=O)[O-])c(C(=O)N2CCC3(C2)CN(C(=O)[C@@H]2C[C@@H](C)CO2)C3)c1,0.215,0.455,0.2943971,0.57248276,0.9143622,0.9999967,0.5752064607540767,0.568901156254694,3.0,0.49702370529113854,0,0,1,0,1,1,3,0,0,0,Level_1_Low_Confidence
ZINCsg00001ihW13,COC1(C(=O)N2CCN(C(=O)c3cn(C)nc3Cl)[C@H](c3nccn3C)C2)CC1,0.33,0.63,0.7903723,0.93053436,0.02336736,0.74291015,0.5745306969682376,0.5686814475867976,4.0,0.37210093479249845,0,1,0,1,1,1,4,0,0,1,Level_1_Low_Confidence
ZINCsD000001sova,CCOc1cc(N2CCC(NC(=O)[C@@H]3C[C@@H]3[C@@H]3C[C@H]3C)CC2)ccc1[N+](=O)[O-],0.235,0.4,0.28889784,0.641159,0.8832778,0.9997591,0.5746822820107141,0.5684780604027686,3.0,0.4986606421572306,0,0,1,0,1,1,3,0,0,0,Level_1_Low_Confidence
ZINCtp000013Mrym,O=C(Cc1ccsc1)N1CCN(C(=O)c2coc3c2CS(=O)(=O)C3)[C@H](C(F)F)C1,0.355,0.64,0.4642414,0.8637723,0.13234904,0.99910253,0.5757442059119543,0.5681602293379763,3.0,0.4787921831814186,0,0,0,1,1,1,3,0,0,0,Level_1_Low_Confidence
ZINCpu00000tBUX7,NS(=O)(=O)Cc1ccc(C(=O)N2CC[C@H]2c2csc(C3(Br)CC3)n2)o1,0.295,0.6006666666666667,0.51236236,0.5866697,0.45291078,0.9999927,0.5746003700362311,0.5681475740989612,4.0,0.5375340570807114,0,1,0,1,1,1,4,0,0,1,Level_1_Low_Confidence
ZINCtm00001UFme8,COc1ccnc(N2C[C@@H](C)O[C@]3(CCN(C(=O)c4cnc(Cl)cc4N)C3)C2)n1,0.285,0.59,0.5630441,0.9224665,0.11007066,0.9858576,0.5760731423894564,0.5679432662539448,4.0,0.4600227108582369,0,1,0,1,1,1,4,0,0,1,Level_1_Low_Confidence
ZINCtU00001Pck4y,C[C@H](CCc1ccco1)NS(=O)(=O)c1ccc(Br)cc1N1CCCC2(CCC2)C1,0.32,0.6554166666666665,0.2366931,0.9299054,0.45363212,0.853906,0.5749255454209116,0.5678759927205723,3.0,0.5113688621815267,0,0,0,1,1,1,3,0,0,0,Level_1_Low_Confidence
ZINCsI00000kXg0i,CN(C[C@H]1CCCN(c2ncc(Br)cn2)C1)C(=O)c1ccc(Br)cc1[N+](=O)[O-],0.25,0.365,0.6519934,0.30508828,0.8564608,0.99981993,0.5713937366008759,0.567260739997769,3.0,0.4995609471265918,0,1,1,0,0,1,3,0,0,0,Level_1_Low_Confidence
ZINCtH00000cKWSV,CC1(C)CCC[C@@H](CC(=O)NC[C@@H]2CCCN2C(=O)c2sc([N+](=O)[O-])cc2Cl)O1,0.255,0.57,0.39397815,0.8300459,0.3997912,0.9999977,0.5748021523157756,0.5668654261159558,3.0,0.5165792018536309,0,0,0,1,1,1,3,0,0,0,Level_1_Low_Confidence
ZINCsK00000bSj2d,Cc1c2c(nn1C)CN(S(=O)(=O)c1ccc(Oc3ccccc3)c(Br)c1)CC2,0.27,0.6366666666666666,0.45245266,0.9532118,0.15655726,0.9841397,0.5755046755737728,0.5668392335875377,3.0,0.4745639354578843,0,0,0,1,1,1,3,0,0,0,Level_1_Low_Confidence
ZINCsi00001CDoP5,CN1CC[C@@H](NS(=O)(=O)c2ccc(NC3CN(S(C)(=O)=O)C3)cc2Br)C1(C)C,0.32,0.6004166666666667,0.8428443,0.77008355,0.1332758,0.76440364,0.57183732814259,0.5666910610525884,4.0,0.4830517553237796,0,1,0,1,1,1,4,0,0,1,Level_1_Low_Confidence
ZINCqF00000kxqEz,COc1ncc(F)c(N2C[C@@H]3C[C@]3(C(=O)Nc3cc(Br)ccc3Cl)C2)n1,0.32,0.525,0.28865352,0.839109,0.7941468,0.65825343,0.5708604556322098,0.5666788371319466,4.0,0.5263804353669899,0,0,1,1,1,1,4,0,0,1,Level_1_Low_Confidence
ZINCtt00000tnuAF,Cc1c([N+](=O)[O-])ccc(Br)c1C(=O)N[C@H]1CCN(C(=O)Cc2ccc(O)cn2)C1,0.26,0.4375,0.24220261,0.52561706,0.9677369,0.99998534,0.572173651655515,0.566577487063746,3.0,0.49101161848872243,0,0,1,0,1,1,3,0,0,0,Level_1_Low_Confidence
ZINCtM00000w5SrA,CN(C(=O)c1ccc(Cl)o1)[C@@H]1CCCN(C(=O)CCOc2c(F)cccc2Cl)C1,0.275,0.765,0.5076789,0.88609177,0.035137344,0.9840047,0.5754854525377353,0.5665397333158246,4.0,0.38530502858117904,0,1,0,1,1,1,4,0,0,1,Level_1_Low_Confidence
ZINCtp00000jiLZZ,Cn1nccc1C=CC(=O)N1CCC2(CC1)CN(c1nc(Cl)ncc1F)CCO2,0.325,0.52,0.8715394,0.7710837,0.009470841,0.9386315,0.572620907065769,0.5664051525918303,4.0,0.3167328827764204,0,1,0,1,1,1,4,0,0,1,Level_1_Low_Confidence
ZINCtM00000LOzAn,CSc1ccccc1C(=O)N1CCC12CN(C(=O)CCc1ccc(Cl)c(F)c1)C2,0.3725,0.617,0.52504206,0.8172305,0.23027131,0.87114674,0.5721984379688899,0.5662361395088493,4.0,0.5200521263334147,0,1,0,1,1,1,4,0,0,1,Level_1_Low_Confidence
ZINCsh0000136Vy8,CO[C@@H](F)C(=O)N1CCc2ccccc2[C@H](NC(=O)c2cc(O)cc(=O)o2)C1,0.28800000000000003,0.4575,0.9458067,0.76377445,0.00053720205,0.9806638,0.5727136858590723,0.5661696041263111,3.0,0.19202958723931618,0,1,0,0,1,1,3,0,0,0,Level_1_Low_Confidence
ZINCtg00000f7Egn,C[C@@H]1CN(C(=O)[C@@H]2[C@@H]([N+](=O)[O-])[C@@H]2C(F)(F)F)CCN1C(=O)C(F)(F)C1(O)CCC1,0.31,0.435,0.5079193,0.64838266,0.53013754,0.9999735,0.5719021650155386,0.5661067736825198,4.0,0.5353556018997815,0,1,1,0,1,1,4,0,0,1,Level_1_Low_Confidence
ZINCtx00000y3zpQ,Cc1ncc(C(=O)N2CCC3(CC2)C[C@H](NC(=O)c2cc(Cl)cnc2Br)CO3)[nH]1,0.295,0.675,0.32892796,0.9113745,0.23800167,0.99969393,0.5746663463115692,0.5660943698164418,3.0,0.4921095069149531,0,0,0,1,1,1,3,0,0,0,Level_1_Low_Confidence
ZINCtG00000QWyyd,Cc1cc([N+](=O)[O-])ccc1C(=O)N1CCCC[C@H](Nc2ncc(C3CC3)cn2)C1,0.31,0.335,0.5313442,0.47763762,0.768631,0.99988455,0.5704162202278773,0.5660459339111409,3.0,0.5221053160663228,0,1,1,0,0,1,3,0,0,0,Level_1_Low_Confidence
ZINCpJ00000qYquy,COc1nc(Cl)ccc1CCC(=O)N1CCc2ccccc2C1(C)C,0.31,0.545,0.2987842,0.5997028,0.72532,0.9514037,0.5717017718156179,0.5660086506901058,4.0,0.5247966541381984,0,0,1,1,1,1,4,0,0,1,Level_1_Low_Confidence
ZINCtt00000cPP32,CCc1conc1C(=O)N[C@@H]1CN(C(=O)c2c(F)cccc2[N+](=O)[O-])CC12CC2,0.255,0.48,0.116070524,0.8748346,0.71644545,0.9999357,0.5737143755952517,0.5660071114656773,3.0,0.45526481202874153,0,0,1,0,1,1,3,0,0,0,Level_1_Low_Confidence
ZINCs5000003VJO7,COc1n[nH]c(C(=O)N[C@H](C)[C@H]2CN(C(=O)C3(S(C)(=O)=O)CC3)CCO2)c1Cl,0.275,0.725,0.4884822,0.9043311,0.23187271,0.813897,0.5730971693992615,0.5657498398148422,3.0,0.5051778882329415,0,0,0,1,1,1,3,0,0,0,Level_1_Low_Confidence
ZINCmz000009ZhTj,O=Cc1sccc1-c1cccc(OCCN2CCOCC2)c1,0.32,0.49,0.50786096,0.7238809,0.40029818,0.9891035,0.5718572533130646,0.5655522527508702,3.0,0.5325951710755406,0,1,0,0,1,1,3,0,0,0,Level_1_Low_Confidence
ZINCsl00000jhWoR,Cn1nc2c(c1C(=O)N1C[C@@H]3CN(C(=O)c4ccoc4Cl)C[C@H](C1)O3)CCC2,0.33,0.615,0.17078984,0.7989018,0.53470373,0.9873346,0.5727883291244508,0.5655336262993778,4.0,0.4944856306107736,0,0,1,1,1,1,4,0,0,1,Level_1_Low_Confidence
ZINCst000004kCwU,C[C@H](Nc1ncc([N+](=O)[O-])cc1Cl)C1CCN(C(=O)CCn2cncn2)CC1,0.285,0.495,0.6180272,0.56739634,0.46216112,0.9999767,0.5712602285544078,0.5653479708678333,3.0,0.5327472861766954,0,1,0,0,1,1,3,0,0,0,Level_1_Low_Confidence
ZINCs5000003VESt,COc1n[nH]c(C(=O)N2CC3(CN(C(=O)Cn4nc(C)n(C)c4=O)C3)C2)c1Cl,0.355,0.5466666666666666,0.6130511,0.85263896,0.068221316,0.9975531,0.5721885281470086,0.5651361273000144,4.0,0.4363598872654932,0,1,0,1,1,1,4,0,0,1,Level_1_Low_Confidence
ZINCtK00000tIzkl,O=[N+]([O-])c1ccc(F)cc1CN1CCCC[C@H](N=c2nc[nH]n3cc(Br)cc23)C1,0.275,0.29,0.6239916,0.32786623,0.8958918,0.9984196,0.5685282005866369,0.5648765541644806,3.0,0.49434384146342936,0,1,1,0,0,1,3,0,0,0,Level_1_Low_Confidence
ZINCrp00000HmuT3,CCCCS(=O)(=O)NC[C@H]1COCCN1C(=O)c1ccc([N+](=O)[O-])c(Br)c1,0.265,0.5066666666666666,0.4390696,0.2495382,0.95585394,0.9999568,0.5693475315637059,0.5648664718838166,3.0,0.49128695133173,0,0,1,1,0,1,3,0,0,0,Level_1_Low_Confidence
ZINCsp00000FeGEs,COc1cc(C(=O)N2CC[C@H](NC(=O)c3cc(Cl)ccc3N)C2)cc(OC)n1,0.275,0.47625,0.31989506,0.81765175,0.56384087,0.97760016,0.5717063051462173,0.5646771106990516,3.0,0.5160323156540887,0,0,1,0,1,1,3,0,0,0,Level_1_Low_Confidence
ZINCrF00000X5vX9,O=C(O)C[C@@H](NS(=O)(=O)c1cc([N+](=O)[O-])c(Cl)cc1Cl)c1ccc(F)cc1,0.185,0.5211666666666667,0.11449696,0.7326523,0.8813522,0.99999875,0.5724444781608051,0.5646398926623888,4.0,0.4386972014300396,0,0,1,1,1,1,4,0,0,1,Level_1_Low_Confidence
ZINCsD00000s28YD,Cc1ccc(F)cc1C(=O)N(C)C[C@@H]1CCN(c2cc(C)c([N+](=O)[O-])cn2)C1,0.26,0.375,0.57875365,0.36173144,0.8388593,0.999744,0.5690147346258163,0.5645912872984054,3.0,0.5076648477075268,0,1,1,0,0,1,3,0,0,0,Level_1_Low_Confidence
ZINCsm00000UTU4y,COc1ccc(CC(=O)NC2CN(C(=O)c3ccnc4ccnn34)C2)cc1Br,0.335,0.4275,0.2759812,0.7590227,0.6376711,0.98834985,0.5705874780813853,0.564554158389991,3.0,0.5161434700875426,0,0,1,0,1,1,3,0,0,0,Level_1_Low_Confidence
ZINCsg00000Izs92,Cc1cn2c(=O)c(C(=O)N3CC(C[C@H](C)NC(=O)[C@@H](O)C(C)C)C3)cnc2s1,0.2366666666666667,0.445,0.13587871,0.75825465,0.8882383,0.96168786,0.5709543665912417,0.5642005660333814,3.0,0.4583225305763591,0,0,1,0,1,1,3,0,0,0,Level_1_Low_Confidence
ZINCqu000004xENc,COC(=O)c1cc(S(=O)(=O)N2CCC[C@H](CC(=O)OC(C)C)C2)oc1Cl,0.26,0.6416666666666666,0.4876194,0.85552555,0.39463365,0.7840608,0.5705843411551581,0.5640446611893656,3.0,0.5274606982292893,0,0,0,1,1,1,3,0,0,0,Level_1_Low_Confidence
ZINCsu00000yIsft,C=CCCn1nnnc1[C@H](NCc1cc([N+](=O)[O-])ccc1Cl)c1ccnn1C,0.27,0.335,0.7954712,0.19601825,0.807196,0.99966896,0.5672257361809413,0.5639667792227251,3.0,0.474271970244929,0,1,1,0,0,1,3,0,0,0,Level_1_Low_Confidence
ZINCtd00001Epli7,C[C@@H](CN1CCN(C(=O)c2n[nH]cc2[N+](=O)[O-])CC1)NC(=O)C1C2(CC2)C12CC2,0.3066666666666667,0.39,0.24835919,0.71366686,0.7603329,0.99981815,0.5698072900043594,0.563853535325251,3.0,0.5025800994018383,0,0,1,0,1,1,3,0,0,0,Level_1_Low_Confidence
ZINCqi00001RXx7i,O=C(NC1CC1)[C@H](c1cc(F)ncc1F)N1CCC2(CC1)C[C@@H](O)CO2,0.23,0.6016666666666667,0.55551004,0.889845,0.17495291,0.9818,0.5722957755790816,0.563785555055519,4.0,0.4768030739548363,0,1,0,1,1,1,4,0,0,1,Level_1_Low_Confidence
ZINCrB000001fcwA,Cc1nc(N2CCSC[C@@H]2CCNC(=O)c2ccns2)c(Cl)cc1[N+](=O)[O-],0.265,0.5666666666666667,0.26062843,0.6462032,0.6851096,0.99999607,0.5706006666686799,0.5637035268559241,4.0,0.508690703289381,0,0,1,1,1,1,4,0,0,1,Level_1_Low_Confidence
ZINClu0000012gk8,Cc1cc(N[C@H]2CCN(C(C)C)C2=O)c(F)cc1[N+](=O)[O-],0.2975,0.34,0.91510755,0.06559769,0.77760625,0.9998037,0.5659358682731788,0.563572916391682,3.0,0.4095750670541862,0,1,1,0,0,1,3,0,0,0,Level_1_Low_Confidence
ZINCth000015zXlO,CN(C)c1nc(Cl)c(C(=O)N[C@@H]2CC[C@H](N3CCN(C(=O)C4(O)CC4)CC3)C2)s1,0.3105,0.6441666666666667,0.52467567,0.9248803,0.038403146,0.98829204,0.5718196406927374,0.5635480404125601,4.0,0.39298991252123056,0,1,0,1,1,1,4,0,0,1,Level_1_Low_Confidence
ZINCph00000fHDRV,O=C(N[C@@H]1CCN(C(=O)[C@@H]2CC2(Cl)Cl)C[C@H]1F)c1n[nH]cc1[N+](=O)[O-],0.245,0.48,0.29827973,0.8220454,0.58107114,0.99989784,0.5710490157206853,0.5635058732489322,3.0,0.5058463641124237,0,0,1,0,1,1,3,0,0,0,Level_1_Low_Confidence
ZINCro0000056B35,CC1CC(n2nnc3c2CN(C(=O)c2cc(Br)cc(S(N)(=O)=O)c2)CC3)C1,0.285,0.6981666666666666,0.11370567,0.87287116,0.46371973,0.9975286,0.571831972953346,0.5632419532073868,3.0,0.4572140098689385,0,0,0,1,1,1,3,0,0,0,Level_1_Low_Confidence
ZINCrq00000Rxl2H,CO[C@@H](CN(Cc1cc2cccnc2o1)C(=O)[C@H]1COC(=O)N1C)C1CC1,0.25,0.475,0.9138991,0.74499774,0.92298734,0.06519748,0.5620136146744092,0.5631414541115997,3.0,0.4116412622059414,0,1,1,0,1,0,3,0,0,0,Level_1_Low_Confidence
ZINCt500003gb83G,O=C(CNC(=O)[C@H]1CC[C@@H]1C1CC1)NCCCNS(=O)(=O)c1c[nH]nc1[N+](=O)[O-],0.14,0.7,0.031811465,0.8450679,0.719082,0.999973,0.5726557299743096,0.5629054805726235,4.0,0.3517585594650224,0,0,1,1,1,1,4,0,0,1,Level_1_Low_Confidence
ZINCsm00000JJEGy,CC(C)CCC(=O)N1CC[C@@]2(NC(=O)c3cc(S(N)(=O)=O)ccc3F)C[C@H]2C1,0.2875,0.6915,0.2955349,0.96484184,0.21012731,0.9806637,0.571694629530112,0.562821086891154,3.0,0.4763391302793941,0,0,0,1,1,1,3,0,0,0,Level_1_Low_Confidence
ZINCtR00000nMw4p,Cc1ccc(Cl)cc1-n1nc(-c2ccco2)nc1[C@H]1CC(=O)N(C2CCCC2)C1,0.295,0.565,0.42288494,0.76614624,0.45841923,0.90813226,0.5692637787262599,0.5628036437812426,3.0,0.5312546144519943,0,0,0,1,1,1,3,0,0,0,Level_1_Low_Confidence
ZINCs6000008TuQf,CC(=Cc1cnc[nH]1)C(=O)N1CCN(c2nc(Cl)ncc2C(N)=O)C[C@@H](O)C1,0.325,0.615,0.5842526,0.93305,0.0034285968,0.9621943,0.570487582172888,0.5626733971424797,4.0,0.2666493561281431,0,1,0,1,1,1,4,0,0,1,Level_1_Low_Confidence
ZINCtA00000E288q,Cc1nccc(C(=O)N2CCN(C(=O)[C@@H](C)c3cc(C)oc3C)C3(CCC3)C2)n1,0.33,0.525,0.8373117,0.5379615,0.70995414,0.43885663,0.5631806570291519,0.5625528446748747,4.0,0.5382418015377411,0,1,1,1,1,0,4,0,0,1,Level_1_Low_Confidence
ZINCt600000ayxmt,C[C@H](NC(=O)C(=O)NC1CC1)[C@]1(O)CCN(C(=O)c2c(F)cccc2[N+](=O)[O-])C1,0.3016666666666667,0.4725,0.18602253,0.67274266,0.7800937,0.9994482,0.5687456293569672,0.5625183898492343,3.0,0.4903902074603552,0,0,1,0,1,1,3,0,0,0,Level_1_Low_Confidence
ZINCrI00000tkjvV,CCN(C(=O)c1cnsc1C)[C@H]1CCN(C(=O)c2c(O)cc(Cl)cc2Cl)C1,0.36,0.6591666666666667,0.4427285,0.9580859,0.011395159,0.9920524,0.5705714310560789,0.5624356303304151,3.0,0.32310903981111516,0,0,0,1,1,1,3,0,0,0,Level_1_Low_Confidence
ZINCtw00000tFdc8,CO[C@H]1C[C@@H](C(=O)Nc2cncc(Cl)c2)N(C(=O)c2ccc(F)cc2[N+](=O)[O-])C1,0.245,0.4725,0.2559596,0.5828298,0.85483414,0.99998903,0.5685187576214473,0.5622601965133179,3.0,0.495290149642675,0,0,1,0,1,1,3,0,0,0,Level_1_Low_Confidence
ZINCs5000003VGZW,COc1n[nH]c(C(=O)N2C[C@H]3CC[C@H]2CN3C(=O)c2cnc(O)nc2O)c1Cl,0.275,0.5075,0.726621,0.89704,0.015367362,0.99768436,0.5698687838204205,0.5620534857447054,4.0,0.33425672990489136,0,1,0,1,1,1,4,0,0,1,Level_1_Low_Confidence
ZINCtK00000tIzke,O=[N+]([O-])c1ccc(CN2CC[C@H](N=c3ccn4ncc(I)c4[nH]3)[C@H](F)C2)cc1Br,0.26,0.31,0.73022205,0.31919122,0.7761276,0.9991006,0.5657735776901246,0.5618933684775169,3.0,0.49419370629178205,0,1,1,0,0,1,3,0,0,0,Level_1_Low_Confidence
ZINCqe000010VEUX,O=C(N[C@H]1C[C@@H](OCC(=O)N2CCN(CCO)CC2)C1)c1sccc1Cl,0.28,0.7125,0.48676127,0.86115336,0.12888357,0.95110315,0.5700668929020564,0.5618114388263817,3.0,0.4660803211180036,0,0,0,1,1,1,3,0,0,0,Level_1_Low_Confidence
ZINCss00000gU1TK,CO[C@@H]1CN2CCC[C@]2(C(=O)N2CC(NC(=O)C(C)(C)c3cscc3Cl)C2)C1,0.325,0.715,0.35843012,0.9085038,0.118917264,0.9944723,0.5700539128482341,0.5615476176438602,3.0,0.4556447531512311,0,0,0,1,1,1,3,0,0,0,Level_1_Low_Confidence
ZINCrd00000mOn5k,Cc1ccc([N+](=O)[O-])c(C(=O)N2C[C@@H]3C[C@]3(NC(=O)C(C)(C)C(N)=O)C2)c1,0.17,0.38,0.099973865,0.78868943,0.97529876,0.99998486,0.5689911536872386,0.561469787333874,3.0,0.4130722498528001,0,0,1,0,1,1,3,0,0,0,Level_1_Low_Confidence
ZINCtH00000cQ9Au,CC=C(CC)C(=O)N[C@H]1CC[C@](F)(CNC(=O)c2ccc([N+](=O)[O-])c(SC)c2)C1,0.2225,0.525,0.1724826,0.78471524,0.7128353,0.9979749,0.5692513357599577,0.5614658475556272,4.0,0.4733429524899906,0,0,1,1,1,1,4,0,0,1,Level_1_Low_Confidence
ZINCrn00001eTOoc,O=C(N[C@H]1CCCN(S(=O)(=O)c2ccsc2F)C1)c1cnc2[nH]cnc2c1,0.235,0.7139166666666666,0.3961693,0.9234371,0.18845221,0.96632427,0.570549928969807,0.5614269118238566,3.0,0.4728476963495988,0,0,0,1,1,1,3,0,0,0,Level_1_Low_Confidence
ZINCti00001NWrEu,CC(C)C[C@H]1CN(C(=O)[C@H]2N(C(=O)c3cc(=O)n(C)cn3)CCC2(C)C)CCO1,0.28,0.55,0.8987283,0.77264434,0.5858667,0.28568587,0.5621542014678319,0.5610488172964001,4.0,0.5114494575954681,0,1,1,1,1,0,4,0,0,1,Level_1_Low_Confidence
ZINCth000015zXey,CN(C)c1nc(Cl)c(C(=O)NC[C@]2(C)COCCN(C(=O)[C@@H]3C[C@H]3[N+](=O)[O-])C2)s1,0.24,0.515,0.3730542,0.8612325,0.4239953,0.99994415,0.5688710270325342,0.5608653745414517,3.0,0.5062611493223454,0,0,0,1,1,1,3,0,0,0,Level_1_Low_Confidence
ZINCr5000015chXm,O=C(NCC1(O)CN(Cc2cc([N+](=O)[O-])c(O)cc2F)C1)C1[C@H]2COC[C@H]12,0.2175,0.49,0.51617676,0.70898366,0.47550976,0.99999976,0.5680283240477244,0.56075653975737,3.0,0.5144875757129826,0,1,0,0,1,1,3,0,0,0,Level_1_Low_Confidence
ZINCt900000fZaD8,C[C@H](Nc1ncc(C#N)cc1Cl)[C@H]1CN(C(=O)c2cn(C)c(=O)nc2O)CCO1,0.29,0.535,0.9040963,0.79097843,0.020680109,0.85892886,0.5666139508907994,0.5605449835189902,4.0,0.3540844509476153,0,1,0,1,1,1,4,0,0,1,Level_1_Low_Confidence
ZINCrA00000kUoDA,N#Cc1cc(C(=O)NCCN(CC2CC2)C(=O)/C=C/c2sccc2Br)on1,0.335,0.5375,0.08861836,0.91179293,0.53847426,0.99620134,0.5679311487575373,0.560402241867062,4.0,0.44537504547707035,0,0,1,1,1,1,4,0,0,1,Level_1_Low_Confidence
ZINCtz00000DDmXT,CC(C)C1CC(N=c2ccc(Br)c(S(=O)(=O)N3CCN(C(=O)C4CC4)CC3)[nH]2)C1,0.335,0.735,0.10049099,0.9733464,0.31597033,0.9529954,0.5688005250692368,0.5602859681295165,3.0,0.43995740835036296,0,0,0,1,1,1,3,0,0,0,Level_1_Low_Confidence
ZINCst00000bqCDa,COC1(C(=O)N2CCCN(C(=O)[C@@H](C)Sc3ccc([N+](=O)[O-])cc3)CC2)CC1,0.305,0.46,0.7422109,0.5989478,0.28889233,0.99989665,0.56582462032636,0.5600508877487047,3.0,0.5120089126440515,0,1,0,0,1,1,3,0,0,0,Level_1_Low_Confidence
ZINCqn00001zaweg,Cc1nc(Cl)ccc1NC(=O)[C@H]1CCN(C(=O)c2n[nH]cc2[N+](=O)[O-])C1,0.28,0.52,0.29692835,0.5132279,0.7850683,0.9999849,0.5658682366212209,0.560009369765613,4.0,0.5091401647283607,0,0,1,1,1,1,4,0,0,1,Level_1_Low_Confidence
ZINCro00000kF8NL,CC(F)(F)C(=O)N1CCN(C(=O)CCOc2cccc([N+](=O)[O-])c2)[C@H]2C[C@@H]21,0.155,0.435,0.2995049,0.7531269,0.7624638,0.9999525,0.5675080213944117,0.5597347995829075,3.0,0.4757534483558151,0,0,1,0,1,1,3,0,0,0,Level_1_Low_Confidence
ZINCst000004kA7Z,C[C@H](Nc1cc2nc(O)oc2cc1[N+](=O)[O-])[C@H]1CCN(C(=O)c2ccc[nH]2)C1,0.315,0.365,0.5755503,0.23751931,0.8845924,0.9998024,0.5629107418656348,0.5596233166997313,3.0,0.490351119590536,0,1,1,0,0,1,3,0,0,0,Level_1_Low_Confidence
ZINCtc00001EplhO,C[C@H](CN1CCN(C(=O)c2coc(CO)c2)CC1)NC(=O)Cc1nn(C)cc1Cl,0.355,0.54,0.74420047,0.7307621,0.06840133,0.95305973,0.5652372757097085,0.5591891147333679,4.0,0.4352232862698686,0,1,0,1,1,1,4,0,0,1,Level_1_Low_Confidence
ZINCsg00000EVxMr,CCN(CCNC(=O)c1c([N+](=O)[O-])cnn1CC)C(=O)C[C@@](C)(O)C(F)(F)F,0.175,0.44,0.03745156,0.790511,0.95965767,0.9992939,0.566985694343845,0.5591646169654443,3.0,0.3602574970915,0,0,1,0,1,1,3,0,0,0,Level_1_Low_Confidence
ZINCs500002OWLJH,C[C@@H]1CCOC[C@H]1C(=O)NCC(=O)N1CCN(c2c([N+](=O)[O-])cnn2C)CC1,0.285,0.27,0.8209811,0.17836852,0.8171773,0.9997202,0.5618745200832684,0.5591307867334243,3.0,0.45780000517917774,0,1,1,0,0,1,3,0,0,0,Level_1_Low_Confidence
ZINCsu00000yIsf1,C=CCCn1nnnc1[C@H](NCc1ccc([N+](=O)[O-])cc1)c1cc(Cl)n(C)n1,0.26,0.335,0.7358458,0.19601825,0.84854084,0.99966896,0.5625123085578282,0.5591145578555181,3.0,0.46910681153374384,0,1,1,0,0,1,3,0,0,0,Level_1_Low_Confidence
ZINCtS00000PSJNU,COc1nc(N[C@@H]2CCCc3c2cnn3-c2ccc(C)c(Cl)c2)c(Br)c(OC)n1,0.41,0.4158333333333333,0.8690851,0.6593908,0.8699395,0.11299419,0.5562071510983838,0.5590379994924468,3.0,0.46104386590952495,0,1,1,0,1,0,3,0,0,0,Level_1_Low_Confidence
ZINCrj00001gxgv0,C[C@@H](NC(=O)[C@H]1C[C@@H]1[N+](=O)[O-])[C@@H]1CCCN1C(=O)c1ccnc2c1CCC2,0.235,0.39,0.28407472,0.7068184,0.77805096,0.99936086,0.5655508240063986,0.5589569276613546,3.0,0.49272040501197234,0,0,1,0,1,1,3,0,0,0,Level_1_Low_Confidence
ZINCtt00000tnuB9,CC1(CNS(=O)(=O)c2ccc([N+](=O)[O-])c(F)c2)CN(Cc2cc(O)ncc2Br)C1,0.245,0.5104166666666666,0.30277345,0.65118843,0.68427825,0.999998,0.5656091281440523,0.5587542462151665,4.0,0.5064359667283476,0,0,1,1,1,1,4,0,0,1,Level_1_Low_Confidence
ZINCtx00000ghN42,COc1nscc1C(=O)N1CCN(C(=O)c2cc3c(O)cccc3[nH]2)CC[C@@H]1C,0.4,0.455,0.74253315,0.8590937,0.009728624,0.9190146,0.5642283449446162,0.5586397168864594,3.0,0.3182000642396973,0,1,0,0,1,1,3,0,0,0,Level_1_Low_Confidence
ZINClu0000012hfD,Cc1cc(OC[C@@H]2C[C@@H]3COCC[C@@H]3O2)ccc1[N+](=O)[O-],0.19,0.425,0.17735338,0.6510391,0.9495919,0.99979687,0.5654635413487753,0.5585764395641096,3.0,0.4548200928974076,0,0,1,0,1,1,3,0,0,0,Level_1_Low_Confidence
ZINCqH00000zdV5L,N#CCCC1CCN(c2ccc(S(=O)(=O)N3CC[C@H](F)C3)cc2Br)CC1,0.285,0.6266666666666667,0.62735677,0.7779911,0.8910556,0.14418069,0.5587084699339336,0.5584289875915427,4.0,0.4730028529154197,0,1,1,1,1,0,4,0,0,1,Level_1_Low_Confidence
ZINCqr00000CyrLV,COc1nccnc1C(=O)N[C@@H]1CCCCCN(c2cncc(Cl)n2)C1,0.31,0.4875,0.6829753,0.54059094,0.5984168,0.7499317,0.5615691220760345,0.558174584731988,4.0,0.5408862318061035,0,1,1,0,1,1,4,0,0,1,Level_1_Low_Confidence
ZINCrL000012uU8z,C[C@@H](Cc1cnco1)C(=O)N(Cc1cc([N+](=O)[O-])sn1)Cc1sccc1Cl,0.2625,0.49208333333333326,0.21252863,0.5642188,0.854165,0.99999136,0.5642478597495291,0.5580938163956287,3.0,0.486327133390978,0,0,1,0,1,1,3,0,0,0,Level_1_Low_Confidence
ZINCqD00000lenBU,C[C@H](CCC1CC1)Nc1cc(Br)ccc1S(=O)(=O)N1CCO[C@H](C#N)C1,0.295,0.64,0.7565384,0.9369157,0.20573582,0.5398164,0.5623343806465467,0.5577584424847406,4.0,0.49584762813240174,0,1,0,1,1,1,4,0,0,1,Level_1_Low_Confidence
ZINCsk0000089KyB,Cc1ccc(CC(=O)N(C)[C@H]2CCN(c3nccc(CO)n3)C2)cc1[N+](=O)[O-],0.31,0.335,0.6596036,0.25283787,0.80811274,0.9999407,0.5609158160289128,0.5576397106706673,3.0,0.49090369929811395,0,1,1,0,0,1,3,0,0,0,Level_1_Low_Confidence
ZINCtH00000AXO6r,COCC[C@@H](Cc1cn(-c2cc(Br)ccc2Cl)nn1)NCc1cc([N+](=O)[O-])sn1,0.325,0.41541666666666666,0.61731786,0.5284471,0.4893938,0.99974746,0.5625538115368949,0.557536066793099,3.0,0.5275185465299249,0,1,0,0,1,1,3,0,0,0,Level_1_Low_Confidence
ZINCtJ00000xQw9M,CN([C@@H]1CCN(Cc2ccc(I)cc2Br)C1)S(=O)(=O)Cc1cccc([N+](=O)[O-])c1,0.265,0.5766666666666667,0.43722653,0.34187454,0.755739,0.99996823,0.562745824125078,0.557330938397288,3.0,0.5083743954072335,0,0,1,1,0,1,3,0,0,0,Level_1_Low_Confidence
ZINCty00000nttJq,N#Cc1ccc(C(=O)N[C@@H]2CN(C(=O)c3cc(C4CC4)cs3)[C@]3(CCOC3)C2)o1,0.35,0.43,0.54617786,0.51328176,0.6809716,0.84342396,0.5606425352891287,0.5572150282995074,4.0,0.5379396586322092,0,1,1,0,1,1,4,0,0,1,Level_1_Low_Confidence
ZINCrB000001fdiW,Cc1nc(N2CC[C@H](CNC(=O)Cc3cccc(Cl)c3)C2)ccc1[N+](=O)[O-],0.33,0.44,0.35721937,0.5424013,0.7041091,0.9999607,0.5622817458709081,0.5570985515996919,3.0,0.5201646941527411,0,0,1,0,1,1,3,0,0,0,Level_1_Low_Confidence
ZINCtG00000QWyyk,Cc1cc([N+](=O)[O-])cc(C(=O)N2CCN(C(=O)OC(C)(C)C)C[C@H]2C2CC2)c1C,0.3,0.405,0.5536518,0.71299416,0.40780655,0.9999817,0.5632390358050664,0.5570786534218077,3.0,0.5190679368510851,0,1,0,0,1,1,3,0,0,0,Level_1_Low_Confidence
ZINCtt00000tnuAL,Cc1c([N+](=O)[O-])ccc(F)c1C(=O)N1CC(CN(C)C(=O)c2cc(F)cn2C)C1,0.295,0.355,0.69669944,0.1561649,0.8573088,0.9999926,0.5600276256601016,0.5570164567570314,3.0,0.46234789906055523,0,1,1,0,0,1,3,0,0,0,Level_1_Low_Confidence
ZINCtt00000f19a1,COc1ccc(Cl)c(C(=O)N2CC[C@H]([C@@H](C)NC(=O)c3cc(C)ncn3)C2)c1N,0.3116666666666667,0.5475,0.5763071,0.6351967,0.5150834,0.7829014,0.5614425415462918,0.5569467750198733,5.0,0.5414232254113758,0,1,1,1,1,1,5,0,0,1,Level_1_Low_Confidence
ZINCti000009YUNU,CO[C@@H](CC(=O)NC[C@]1(C)CCN(C(=O)c2nn(C)cc2[N+](=O)[O-])C1)C(F)(F)F,0.21,0.38,0.30194917,0.6279142,0.8590517,0.9980862,0.5628335469961167,0.5564733079308314,3.0,0.48473465061371623,0,0,1,0,1,1,3,0,0,0,Level_1_Low_Confidence
ZINCrb000015chXQ,O=C(NCC1(O)CN(S(=O)(=O)c2ccc(F)c(Cl)c2)C1)c1ccc(=O)oc1,0.3025,0.5431666666666666,0.5728232,0.7281916,0.24943358,0.98242515,0.5630900395976172,0.5562901113410932,4.0,0.5060536111329567,0,1,0,1,1,1,4,0,0,1,Level_1_Low_Confidence
ZINCsj00001pohYj,CN1CC2(CCN(c3ccnc(N4CC[S@@](=O)C5(CCC5)C4)n3)CC2)OC1=O,0.31,0.53,0.64399314,0.13249882,0.79982924,0.93953824,0.5593099066615105,0.5561550548799494,4.0,0.46820971798189576,0,1,1,1,0,1,4,0,0,1,Level_1_Low_Confidence
ZINCte00000YyrlR,O=C(NC[C@]1(F)COCCN(C(=O)Cn2ccc([N+](=O)[O-])n2)C1)c1cnc(Cl)s1,0.305,0.355,0.6563433,0.30167422,0.740722,0.99997085,0.5597850586970647,0.5560861741989216,3.0,0.5013488264463717,0,1,1,0,0,1,3,0,0,0,Level_1_Low_Confidence
ZINCrr000007vq67,C[C@H](NC(=O)c1n[nH]cc1Br)[C@H]1CN(C(=O)c2ccc(Cl)cc2O)CCO1,0.275,0.5875,0.6768493,0.82768196,0.018554468,0.99803174,0.5639362445722024,0.5559981433159493,4.0,0.34465253886337327,0,1,0,1,1,1,4,0,0,1,Level_1_Low_Confidence
ZINCtw000005H5l2,CN(C[C@H]1CCCCN1C(=O)C1=C[C@@]2(CCOC2)C1)C(=O)c1cc(Cl)ncc1O,0.355,0.7,0.45691088,0.91353667,0.04832386,0.9063767,0.5633580207079648,0.5558804586054162,3.0,0.40696685209324507,0,0,0,1,1,1,3,0,0,0,Level_1_Low_Confidence
ZINCtR00000SiF75,CC(C)NC(=O)[C@@H](c1ccc(C(F)F)cc1Cl)N1CC2(CCOCC2)[C@@H]1C1CC1,0.21666666666666667,0.555,0.2828851,0.687941,0.65456116,0.97905946,0.5626855676041709,0.5553013779198306,4.0,0.4965934015915745,0,0,1,1,1,1,4,0,0,1,Level_1_Low_Confidence
ZINCrF00000Nb6Ra,COc1ccsc1CN(C[C@@H]1CCOC[C@@H]1C)C(=O)c1ccc([N+](=O)[O-])o1,0.21,0.53,0.12345293,0.7272028,0.78728545,0.9999941,0.5629892084995906,0.5552877084858028,4.0,0.44596108136603374,0,0,1,1,1,1,4,0,0,1,Level_1_Low_Confidence
ZINCsl00000ji1HY,N#CC1(C(=O)N2C[C@@H]3[C@H](C2)[C@@H]3NC(=O)Cc2cc([N+](=O)[O-])ccc2F)CCC1,0.225,0.4125,0.254984,0.7038248,0.7755307,0.9999955,0.561972505847613,0.5551425206111678,3.0,0.4843918590867666,0,0,1,0,1,1,3,0,0,0,Level_1_Low_Confidence
ZINCoJ00000lBm3O,O=C(CC12CC(Br)(C1)C2)NCc1csc(-c2ccc(O)c(F)c2)n1,0.285,0.525,0.11884658,0.81898403,0.66873837,0.95697385,0.5622571379939715,0.55513251850791,4.0,0.45874403788637075,0,0,1,1,1,1,4,0,0,1,Level_1_Low_Confidence
ZINCsB00000b3eea,C[C@H](C(=O)N[C@@H]1CCC[C@@H](NC(=O)CC2CC2)C1)c1ccc([N+](=O)[O-])cc1F,0.2275,0.3425,0.08175209,0.7822098,0.93784136,0.99989164,0.56194914996624,0.5550973833516134,3.0,0.4088754839009995,0,0,1,0,1,1,3,0,0,0,Level_1_Low_Confidence
ZINCtJ000006XX94,Cc1ccc(C(=O)N2CC[C@H](N(C)c3nc(Cl)nc4sccc34)C2)c([N+](=O)[O-])c1,0.285,0.52,0.73106414,0.5923578,0.2394863,0.9999838,0.5613153415918349,0.5550314712651232,4.0,0.49862828317366614,0,1,0,1,1,1,4,0,0,1,Level_1_Low_Confidence
ZINCtB00000qkWfk,COC[C@H]1CCN(C(=O)c2ccc3ncc(-c4cccc(OC)c4OC)n3c2)C1,0.275,0.53,0.2929464,0.71353024,0.7614602,0.78714216,0.5600131638844809,0.5548159537332277,4.0,0.5131585634590046,0,0,1,1,1,1,4,0,0,1,Level_1_Low_Confidence
ZINCtE00000raUis,CN1C(C(=O)N2CCC(NC(=O)C3CCC4(CC3)CC4)C(F)C2)=CC2=C1C=CO2,0.28,0.535,0.4234067,0.9039168,0.3537406,0.87423813,0.5617170337835947,0.5547708621177266,3.0,0.5106446336690157,0,0,0,1,1,1,3,0,0,0,Level_1_Low_Confidence
ZINCtC00000jKn8s,C[C@@H]1C[C@H](NC(=O)c2ccc(Cl)c(Cl)c2)CN(C(=O)CCc2ccc(O)nc2)C1,0.305,0.5675,0.59593385,0.81170714,0.17125006,0.9168623,0.5613755604624748,0.5545871118662205,4.0,0.4858098658850524,0,1,0,1,1,1,4,0,0,1,Level_1_Low_Confidence
ZINCtz00000DDmXi,CC(C)c1c(Cl)ncnc1N[C@H]1CO[C@@]2(CCN(C(=O)[C@H]3CCCC[C@@H]3O)C2)C1,0.315,0.615,0.39237309,0.90768826,0.14617585,0.99891967,0.5625261428952216,0.5543479455785547,3.0,0.464734195748817,0,0,0,1,1,1,3,0,0,0,Level_1_Low_Confidence
ZINCtr00000d6VlI,COCC(C)(C)C(=O)N1CCC(CN(C)C(=O)c2ccc(N)c([N+](=O)[O-])c2)CC1,0.27,0.38,0.52949077,0.44533533,0.7296454,0.9999621,0.5590722600618998,0.5541584596735366,3.0,0.5102676610696917,0,1,1,0,0,1,3,0,0,0,Level_1_Low_Confidence
ZINCtK00000yrjlD,C=C[C@@H](COC)Nc1ccc(S(=O)(=O)N2CCC[C@H](Cc3nccs3)C2)cc1Cl,0.385,0.6716666666666665,0.91861725,0.83983696,0.39116895,0.11721144,0.5539168768293328,0.554143706555203,3.0,0.45731250716394406,0,1,0,1,1,0,3,0,0,0,Level_1_Low_Confidence
ZINCtt00000tnuAP,Cc1c([N+](=O)[O-])ccc(F)c1C(=O)N1CCSC[C@H]1C(=O)Nc1cncc(O)c1,0.23,0.52,0.22076967,0.5003978,0.8912089,0.9999953,0.5603952755530676,0.5541030799919832,4.0,0.47697312407553083,0,0,1,1,1,1,4,0,0,1,Level_1_Low_Confidence
ZINCtJ00000xQw9Q,CN([C@@H]1CCN(C(=O)c2ccc(Br)cc2OC(F)(F)F)C1)S(=O)(=O)c1cccs1,0.275,0.7841666666666667,0.09722082,0.98057485,0.24990602,0.99500185,0.5636450344986386,0.5538713426130601,3.0,0.41504668839100123,0,0,0,1,1,1,3,0,0,0,Level_1_Low_Confidence
ZINCrC00000bDnYk,O=C(c1cc(Cl)cc(Cl)c1O)N1C[C@@H]2CCC[C@H](C1)N2C(=O)c1cocn1,0.245,0.695,0.4549189,0.9413434,0.04244398,0.9999136,0.563103311782082,0.553697326693763,3.0,0.3817408057920257,0,0,0,1,1,1,3,0,0,0,Level_1_Low_Confidence
ZINCtU00000wYwjW,Cc1nc(NC(=O)[C@@H]2CCN(Cc3ccc(F)c(OC(C)C)c3)C2)c(Cl)cc1Cl,0.3025,0.4525,0.57756436,0.4361903,0.6269235,0.9517781,0.557909380197525,0.5533614940761674,3.0,0.5234739853926965,0,1,1,0,0,1,3,0,0,0,Level_1_Low_Confidence
ZINCrJ00000OaSII,Clc1ccc(CCNC2(c3nnnn3CCC3CC3)CC(C3CC3)C2)cc1,0.315,0.48,0.88423675,0.7841525,0.8425796,0.0015920474,0.5512601518933661,0.5531788478398048,3.0,0.2280418928914979,0,1,1,0,1,0,3,0,0,0,Level_1_Low_Confidence
ZINCtB00000kjWty,COc1ccc(C(=O)N[C@H]2CCN(C(=O)c3cccc(SC)c3Cl)C2)c(OC)n1,0.33,0.605,0.5214777,0.9377276,0.067329474,0.9013826,0.5604862281183401,0.553177404970142,4.0,0.42538550820673793,0,1,0,1,1,1,4,0,0,1,Level_1_Low_Confidence
ZINCqe00001AULFz,COC1(CCNC(=O)Cc2ncsc2Cl)CN(c2cc(=O)n(C)cn2)C1,0.235,0.67,0.5314435,0.9202977,0.021475434,0.9961448,0.5623935608069103,0.553169706993809,4.0,0.3436624497030388,0,1,0,1,1,1,4,0,0,1,Level_1_Low_Confidence
ZINCsg00000IztsQ,Cc1cn2c(=O)c(C(=O)N[C@@H]3CCC34CN(C(=O)c3cnco3)C4)cnc2s1,0.255,0.495,0.1823999,0.5223713,0.9019065,0.99842453,0.5591837018728256,0.5531302685898246,3.0,0.4703678951628253,0,0,1,0,1,1,3,0,0,0,Level_1_Low_Confidence
ZINCsA000005D8j3,C[C@H](NC(=O)[C@]12CC[C@@H]1CN(S(=O)(=O)c1cccc(Cl)c1Cl)C2)[C@@H]1CCCO1,0.335,0.6929166666666667,0.519155,0.9665141,0.24280837,0.59294116,0.5582225565777885,0.553047624671431,4.0,0.5059229599417092,0,1,0,1,1,1,4,0,0,1,Level_1_Low_Confidence
ZINCtN00000NhyjH,COc1ccc2c(=NC[C@]34C[C@H]3CN(C(=O)c3cc(C)c(Br)s3)C4)[nH]cnc2c1,0.18,0.53,0.035636075,0.8977813,0.7711313,0.95426977,0.5614697385330994,0.5529841510021517,4.0,0.36188288747560515,0,0,1,1,1,1,4,0,0,1,Level_1_Low_Confidence
ZINCtP0000163KIs,CC(C)CC[C@H]1CCCN([C@@H](C(=O)NCCC2(C)CC2)c2cc([N+](=O)[O-])sn2)C1,0.305,0.415,0.50405866,0.5422275,0.5832242,0.9999788,0.5582481873035431,0.5529342015668854,4.0,0.5217624380143001,0,1,1,0,1,1,4,0,0,1,Level_1_Low_Confidence
ZINCtx00000ghLs5,COc1nscc1C(=O)N1CCC(N(C)C(=O)c2ccc(OC(C)C)nc2)CC1,0.375,0.56,0.6238203,0.86787605,0.002553373,0.9249834,0.5590388521769395,0.5525152443318317,4.0,0.2539982861425587,0,1,0,1,1,1,4,0,0,1,Level_1_Low_Confidence
ZINCtt000000y1Jg,C=CCn1ccnc1C(=O)N1CC[C@H]2CC[C@@H](C1)N2C(=O)c1nccc(Cl)c1O,0.38,0.635,0.13177921,0.91481274,0.30936295,0.9902215,0.5601960667967797,0.5525021468198045,3.0,0.455326414526916,0,0,0,1,1,1,3,0,0,0,Level_1_Low_Confidence
ZINCsx00000gmGcD,CS(=O)(=O)c1cccc(Cl)c1C(=O)N1CCN(C(=O)C[C@@H]2C=CCCC2)CC1,0.36,0.6228571428571429,0.15981722,0.61738294,0.7137597,0.8723531,0.5576950170880273,0.5524887829070878,4.0,0.4896122175453264,0,0,1,1,1,1,4,0,0,1,Level_1_Low_Confidence
ZINCtt00000f18nP,COc1ccc(Cl)c(C(=O)N2CCN(C(=O)C(C)(C)Nc3ccccn3)CC2)n1,0.325,0.635,0.4356546,0.83542883,0.14703919,0.9829232,0.5601743073264758,0.5524795268571123,3.0,0.47055485513090756,0,0,0,1,1,1,3,0,0,0,Level_1_Low_Confidence
ZINCtA00000m8uOP,O=C([C@H]1C[C@@H](O)c2ccccc21)N1CCN(C(=O)c2nc(Cl)cs2)[C@H](C2CC2)C1,0.285,0.68,0.39764956,0.97146547,0.03572972,0.9992154,0.5615100283424059,0.5523674442582096,3.0,0.3725304124367242,0,0,0,1,1,1,3,0,0,0,Level_1_Low_Confidence
ZINCtK00000tIzkm,O=[N+]([O-])c1ccc(F)c(CN2CCc3nc(-c4ccn5ccnc5c4)sc3C2)c1,0.275,0.315,0.7447831,0.15493967,0.84276557,0.99973357,0.5553703177968661,0.5523538900901239,3.0,0.45106360831993475,0,1,1,0,0,1,3,0,0,0,Level_1_Low_Confidence
ZINCtM00001reYQ7,Cc1ccc(C(=O)N(Cc2c(Cl)c(C)nn2C)C[C@H]2CC(C)(C)CCO2)c(O)c1,0.285,0.675,0.49647492,0.8933906,0.020524722,0.9945862,0.5608294114222129,0.5521625228437549,3.0,0.34687087860336047,0,0,0,1,1,1,3,0,0,0,Level_1_Low_Confidence
ZINCtF000002IXsp,Cc1cc(CC(=O)N[C@H](C)C2CCN(c3nc(C4CC4)nc(Cl)c3C)CC2)on1,0.2366666666666667,0.5,0.43858114,0.9424538,0.62132525,0.60291255,0.5569899011320538,0.5519958268102461,3.0,0.5134502951097837,0,0,1,0,1,1,3,0,0,0,Level_1_Low_Confidence
ZINCtJ00000xQwav,CN(C(=O)c1cc2ccc(-c3cccn(C)c3=O)cn2c1)c1c(N)cccc1Br,0.25,0.385,0.45273855,0.7513627,0.6348947,0.8713531,0.5575581755240758,0.5519367163401123,3.0,0.5124666671412944,0,0,1,0,1,1,3,0,0,0,Level_1_Low_Confidence
ZINCtF00000lbkb2,COc1ccc(O)cc1C(=O)NC[C@H]1CCN1C(=O)[C@@H](C)Sc1ccc(Cl)cc1,0.245,0.55,0.64378375,0.93610716,0.02448824,0.96191984,0.5602164985736211,0.5519157552682128,4.0,0.3523290632661761,0,1,0,1,1,1,4,0,0,1,Level_1_Low_Confidence
ZINCsA00000gItrn,COc1nc(Cl)ccc1C(=O)N[C@@H]1CN(C(=O)CCc2ccc(C)s2)[C@H]2C[C@@H]12,0.28,0.575,0.5722538,0.9570471,0.002203005,0.97495204,0.5602426625198375,0.5518925847043118,4.0,0.23963914874588244,0,1,0,1,1,1,4,0,0,1,Level_1_Low_Confidence
ZINCqi00001zaweu,Cc1nc(Cl)ccc1S(=O)(=O)N1CC[C@H](CC(=O)N=c2nc[nH]n2C)C1,0.315,0.6741666666666666,0.79907167,0.8122962,0.14525561,0.5921906,0.5563301302658187,0.5518844590936709,4.0,0.47752422172903153,0,1,0,1,1,1,4,0,0,1,Level_1_Low_Confidence
ZINCrB000001fdLu,Cc1nc(N2CC[C@H]([C@H]3CCCN(C(=O)C(C)(C)F)C3)C2)ccc1[N+](=O)[O-],0.215,0.42,0.3839405,0.6076601,0.723575,0.99994856,0.5583540266752243,0.5518689191764128,3.0,0.49794220045962234,0,0,1,0,1,1,3,0,0,0,Level_1_Low_Confidence
ZINCsk00000upshA,CC[C@H]1CN(C(=O)c2cc(F)c[nH]2)CCN1C(=O)c1cc(O)nc(C2CC2)n1,0.39,0.4575,0.5026612,0.7682819,0.49243504,0.72154343,0.5554035957654317,0.5518528159036704,3.0,0.5388615355669827,0,1,0,0,1,1,3,0,0,0,Level_1_Low_Confidence
ZINCsy000003LVHN,Cc1cc(C2(C(=O)N[C@H]3CCN(C(=O)c4nc(Cl)sc4C)C[C@@H]3F)CC2)on1,0.225,0.61,0.65738183,0.9437117,0.0023243872,0.9225948,0.5601687839239214,0.5516792456452332,4.0,0.23818522060083142,0,1,0,1,1,1,4,0,0,1,Level_1_Low_Confidence
ZINCqB00000r6cUr,CSc1cc(C(=O)NC[C@@H]2CCN2C(=O)c2cc(N)ccc2Cl)oc1C,0.265,0.63,0.38815752,0.8262423,0.44932112,0.788969,0.557948324282964,0.5514928596408655,3.0,0.516479519121843,0,0,0,1,1,1,3,0,0,0,Level_1_Low_Confidence
ZINCsx00000gmFCK,CS(=O)(=O)c1ccc(Cl)c(C(=O)N[C@H]2C[C@@H](NC(=O)[C@H]3CCC4(CC4)C3)C2)c1,0.3,0.68,0.05030452,0.98507416,0.6742311,0.6553242,0.557489002669851,0.5514129197565799,4.0,0.4058153966685472,0,0,1,1,1,1,4,0,0,1,Level_1_Low_Confidence
ZINCtI00000YgIyy,Cc1ccc(S(=O)(=O)N[C@@H]2CC[C@@H]3CCN(C(=O)c4cc(C)sc4C)C[C@@H]3C2)o1,0.28,0.65,0.35239133,0.6339712,0.48592535,0.9460751,0.5580604958534241,0.5512627425345968,3.0,0.5151616793986415,0,0,0,1,1,1,3,0,0,0,Level_1_Low_Confidence
ZINCsE00000q7OSq,O=C(CCOCC1CC1)N1C[C@H]2CCN(c3nc4cnc(Cl)cc4s3)C[C@H]2C1,0.36,0.4,0.68037266,0.88386637,0.030843636,0.9911995,0.557713692424198,0.5512220012010833,3.0,0.37193789791438614,0,1,0,0,1,1,3,0,0,0,Level_1_Low_Confidence
ZINCsg00000IzsKy,Cc1cn2c(=O)c(C(=O)NCC(C)(C)CNC(=O)[C@@]3(F)CCOC3)cnc2s1,0.255,0.525,0.23797785,0.67321414,0.6585733,0.9983063,0.5580119314789772,0.5509851556720462,4.0,0.49152188984899386,0,0,1,1,1,1,4,0,0,1,Level_1_Low_Confidence
ZINCtK00000tIzkr,O=[N+]([O-])c1cc(CN2Cc3[nH]nc(-c4c(F)cc(CO)cc4F)c3C2)ccc1Br,0.305,0.305,0.6903476,0.30774555,0.72070265,0.99811864,0.5544857408603032,0.5509805614812999,3.0,0.4921901607274313,0,1,1,0,0,1,3,0,0,0,Level_1_Low_Confidence
ZINCmF000009ZhTU,O=C(c1sccc1Cl)N1CCn2cnc(-c3ccco3)c2C1,0.3125,0.55,0.42787284,0.7131825,0.35257035,0.9891358,0.5575435837109883,0.5507572935405353,3.0,0.5133004411680228,0,0,0,1,1,1,3,0,0,0,Level_1_Low_Confidence
ZINCsG000005nIva,CSC(C)(C)C(=O)N1CC[C@@H]([C@@H]2CCCCN2C(=O)c2csc([N+](=O)[O-])c2)C1,0.265,0.35,0.6779918,0.13576138,0.8941739,0.9999736,0.5538167838255564,0.5506088763475417,3.0,0.44373210977390853,0,1,1,0,0,1,3,0,0,0,Level_1_Low_Confidence
ZINCqk00001zawey,Cc1nc(Cl)ccc1S(=O)(=O)N1CC(CO)(NC(=O)C2(C)CCCC2)C1,0.295,0.7254166666666667,0.27469933,0.9262714,0.36039546,0.7637166,0.5575832359658347,0.5505741124260228,3.0,0.49653837701661235,0,0,0,1,1,1,3,0,0,0,Level_1_Low_Confidence
ZINCtf00000y5sW5,O=C(Cn1cnc([N+](=O)[O-])n1)N[C@]12CC[C@H]1CN(C(=O)c1nc(C3CC3)cs1)C2,0.225,0.35,0.44413942,0.54774976,0.7705533,0.99999315,0.556239269177119,0.550510942005942,3.0,0.4952889401162219,0,0,1,0,1,1,3,0,0,0,Level_1_Low_Confidence
ZINCtx00000ghNxB,COc1nscc1C(=O)N1CC[C@@H](NC(=O)c2cccc3oc(C)nc23)C12CC2,0.37,0.54,0.5415606,0.89262325,0.03825864,0.9616727,0.5573525329182546,0.5504161603357774,4.0,0.3906410894988628,0,1,0,1,1,1,4,0,0,1,Level_1_Low_Confidence
ZINCrj000011lx9U,Cc1nc(Cl)ccc1S(=O)(=O)N[C@@H]1COC2(CCN(C(=O)CC#N)CC2)C1,0.295,0.7366666666666667,0.22692423,0.98527026,0.114383765,0.9992032,0.5595746872988012,0.5501254335546042,3.0,0.4208150330705425,0,0,0,1,1,1,3,0,0,0,Level_1_Low_Confidence
ZINCsR00002NryUL,CSCCn1nnnc1[C@@H](N(C)Cc1ccc(Cl)c(C)c1)C1(CC2CC2)CC1,0.36,0.485,0.74338675,0.82424617,0.8737036,0.0012584968,0.5479325015571278,0.5499778297275357,3.0,0.22135467753214824,0,1,1,0,1,0,3,0,0,0,Level_1_Low_Confidence
ZINCqA00000bs9X6,CC(C)[C@@H]1OCCC[C@H]1CN1C(=O)CN(Cc2cc(F)cnc2Cl)C1=O,0.22,0.685,0.8199965,0.84245783,0.007489781,0.7666953,0.5569399014301598,0.5498934175979002,4.0,0.290242421869262,0,1,0,1,1,1,4,0,0,1,Level_1_Low_Confidence
ZINCpG00000FM7eJ,CO[C@@](C)(C(=O)NCCc1csc(-c2ccc(O)cc2Cl)n1)C1CC1,0.3,0.58,0.31095862,0.84089035,0.9862158,0.2904303,0.5514158415794372,0.5498088712134259,3.0,0.4851032487875807,0,0,1,1,1,0,3,0,0,0,Level_1_Low_Confidence
ZINCsg00000EVx2M,CCN(CCNC(=O)c1c(Cl)c([N+](=O)[O-])nn1C)C(=O)[C@H]1CCc2c[nH]nc21,0.255,0.445,0.33674264,0.54273194,0.75499344,0.9998649,0.5557221492131551,0.5497767708656635,3.0,0.5001627709881953,0,0,1,0,1,1,3,0,0,0,Level_1_Low_Confidence
ZINCtK00000tIzjX,O=[N+]([O-])c1ccccc1CN1C[C@H]2CN(S(=O)(=O)c3c(Cl)cc(Cl)cc3Cl)C[C@@H]21,0.21,0.5816666666666667,0.4482891,0.8777903,0.23342173,0.99999994,0.5585279506113794,0.5497031191998903,3.0,0.4731482928143357,0,0,0,1,1,1,3,0,0,0,Level_1_Low_Confidence
ZINCrF00000vLd3Y,Cc1c(Cl)cccc1S(=O)(=O)N1CCN(C(=O)c2sccc2F)CC12CC2,0.32,0.765,0.24631569,0.9880173,0.036533102,0.9982465,0.5590187669793765,0.5496283932706565,3.0,0.3598863696618415,0,0,0,1,1,1,3,0,0,0,Level_1_Low_Confidence
ZINCtp000013MuQE,O=C(Cc1ccsn1)N1CCO[C@@]2(CCCN(C(=O)c3ccnc(Cl)c3O)C2)C1,0.265,0.7129166666666668,0.4005983,0.9127151,0.061657388,0.9999374,0.5588041390892532,0.5495864808837713,3.0,0.4026068401889127,0,0,0,1,1,1,3,0,0,0,Level_1_Low_Confidence
ZINCsk00000upjvj,CC[C@H]1CN(C(=O)[C@@H]2CCN2CC)CCN1C(=O)c1cnc([N+](=O)[O-])cc1C,0.31,0.335,0.60997826,0.17423214,0.8858711,0.99998957,0.5525118467211724,0.549564018435512,3.0,0.46241919815505395,0,1,1,0,0,1,3,0,0,0,Level_1_Low_Confidence
ZINCsM00001JHYDy,CC1(C)C[C@@H]1CCC(=O)N[C@H]1C[C@H]2C[C@H]1C[C@H]2Nc1ccc([N+](=O)[O-])cc1F,0.23,0.39,0.089068934,0.65895706,0.9675004,0.9999361,0.5559104151527087,0.5494191189057438,3.0,0.4147947036925183,0,0,1,0,1,1,3,0,0,0,Level_1_Low_Confidence
ZINCto00000ZwMJj,O=C(CCc1ccc2c(c1)OCO2)NC[C@H]1C[C@@H](O)CN1C(=O)c1scnc1Cl,0.275,0.545,0.6433698,0.6547089,0.2277642,0.9896737,0.5559194323420525,0.5491162789248405,4.0,0.492269129555419,0,1,0,1,1,1,4,0,0,1,Level_1_Low_Confidence
ZINCtG00000F9u3f,CSc1cc(C(=O)N2C[C@H]3C[C@H]2C[C@H]3NC(=O)c2nc(C(C)C)ncc2Cl)co1,0.1975,0.5675,0.77248764,0.9316001,0.0258915,0.8460346,0.5568356367076437,0.5490360587608095,4.0,0.34769615807494947,0,1,0,1,1,1,4,0,0,1,Level_1_Low_Confidence
ZINCsv000006LNhQ,C=C(CCNC(=O)Cc1ccc(Cl)c([N+](=O)[O-])c1)CNC(=O)c1conc1C,0.335,0.47,0.10894273,0.72646266,0.6916168,0.9999439,0.5553276800115903,0.5489763697664788,3.0,0.45279250627910794,0,0,1,0,1,1,3,0,0,0,Level_1_Low_Confidence
ZINCtp000013MuKs,O=C(Cc1ccsn1)N1CCN(C(=O)CCOc2ccc(Cl)c(F)c2)[C@@H](CO)C1,0.365,0.5954166666666667,0.5712171,0.7938585,0.014068797,0.9962663,0.5559712361958292,0.5488997193611718,4.0,0.33371963940479427,0,1,0,1,1,1,4,0,0,1,Level_1_Low_Confidence
ZINCsd0000135AWm,Cc1n[nH]cc1CC(=O)NC1(CCCNC(=O)c2nn(C)cc2[N+](=O)[O-])CC1,0.21,0.345,0.2892832,0.5855778,0.8989805,0.9998939,0.5547892290353774,0.5487387454932463,3.0,0.4718186037626726,0,0,1,0,1,1,3,0,0,0,Level_1_Low_Confidence
ZINCts00000IEYwV,Cc1ncc(C)c(N2C[C@@H](NC(=O)c3ccc([N+](=O)[O-])c(C#N)c3)C3(CC3)C2)n1,0.26,0.4,0.33577415,0.64860225,0.68453646,0.9998929,0.5548009580373764,0.5485660867910859,3.0,0.4993459353203251,0,0,1,0,1,1,3,0,0,0,Level_1_Low_Confidence
ZINCtG00000QWyyi,Cc1cc([N+](=O)[O-])cc(C(=O)N2CCC[C@H](c3nc([C@@H]4CCCOC4)cs3)C2)n1,0.275,0.405,0.85764056,0.20487338,0.5711432,0.9999871,0.5522740471363068,0.5484781031870671,3.0,0.4728459418443763,0,1,1,0,0,1,3,0,0,0,Level_1_Low_Confidence
ZINCrU00000rQeY4,Cc1cc(Br)nc(Cl)c1NC(=O)c1csc2c1CCN(C(=O)C(C)(C)Br)C2,0.32,0.61,0.49745077,0.8306199,0.07779692,0.99875075,0.555769717991352,0.548001994258123,3.0,0.4293801472201199,0,0,0,1,1,1,3,0,0,0,Level_1_Low_Confidence
ZINCsc00000l2SJO,Cc1cc(N)c(C)nc1C(=O)N1CCN(C(=O)c2c(Cl)cnn2C)C[C@@H](O)C1,0.31,0.58,0.5924678,0.8811724,0.006552952,0.96241474,0.5554346494780232,0.547787522709935,4.0,0.2897693376215849,0,1,0,1,1,1,4,0,0,1,Level_1_Low_Confidence
ZINCti000009YSKT,CO[C@@H](CC(=O)N1CC(O)([C@H](C)NC(=O)c2cc(Cl)c([N+](=O)[O-])[nH]2)C1)C(F)(F)F,0.185,0.5058333333333334,0.47936356,0.6919086,0.46951303,0.99999696,0.5552692468298807,0.5475802417962545,3.0,0.49422329036327134,0,0,0,1,1,1,3,0,0,0,Level_1_Low_Confidence
ZINCru00000lQhiR,O=C(Cc1cscn1)NCC[C@H]1CCCN(C(=O)c2cncc(O)c2Cl)C1,0.355,0.56,0.5240704,0.8871471,0.005257368,0.99732304,0.5547996524969737,0.54730983448446,4.0,0.2802642136214443,0,1,0,1,1,1,4,0,0,1,Level_1_Low_Confidence
ZINCrm000011lx9L,Cc1nc(Cl)ccc1S(=O)(=O)NC1CC(NC(=O)c2cc(O)cc(O)c2)C1,0.22,0.6125,0.021753753,0.9751247,0.52381814,0.9854505,0.5564411851391197,0.5471300494084332,4.0,0.33740880507437954,0,0,1,1,1,1,4,0,0,1,Level_1_Low_Confidence
ZINCtH00000cKXoE,CC1(C)CCC[C@@H](Cn2cc([C@@H]3CCN(C(=O)COc4ccsc4Cl)C3)nn2)O1,0.26,0.685,0.35820842,0.833124,0.19949755,0.997682,0.5555853209892909,0.546880937565303,3.0,0.4685326275404905,0,0,0,1,1,1,3,0,0,0,Level_1_Low_Confidence
ZINCt600001EplhQ,C[C@H](CN1CCN(C(=O)c2coc(O)n2)CC1)NC(=O)c1cc2n(n1)CCCC2,0.3566666666666667,0.315,0.88262117,0.6970061,0.095821574,0.96345705,0.5517620940672027,0.5468695420900417,3.0,0.43067197292603127,0,1,0,0,1,1,3,0,0,0,Level_1_Low_Confidence
ZINCtj00001UFme7,COc1ccnc(N2C[C@@H](C)O[C@@]3(CCN(C(=O)c4cccnc4OC)C3)C2)n1,0.335,0.495,0.6178898,0.8679613,0.08279102,0.9207565,0.5532331084708373,0.5466758917029022,3.0,0.43504238944086177,0,1,0,0,1,1,3,0,0,0,Level_1_Low_Confidence
ZINCtC00000j8wfa,COc1cc(Cl)c(F)c(C(=O)NC2CN(C(=O)C3(c4ccc(Cl)nc4)CC3)C2)c1,0.303,0.665,0.43296775,0.91932845,0.021290531,0.99003994,0.5552711132342617,0.5466601818937359,3.0,0.3451476790251418,0,0,0,1,1,1,3,0,0,0,Level_1_Low_Confidence
ZINCrk000000oFU5,COc1ncc(S(=O)(=O)NC(=O)C2(Cc3cc(F)ccc3OC)CC2)cn1,0.265,0.74,0.014631136,0.9723912,0.3522256,0.99350816,0.5562926810421049,0.5466438210898257,3.0,0.31496684284300225,0,0,0,1,1,1,3,0,0,0,Level_1_Low_Confidence
ZINCnQ00000q7qsJ,Clc1c(-c2nc([C@H]3CCCO3)nn2[C@@H]2CCCOC2)csc1Br,0.325,0.385,0.7989289,0.73139626,0.24906926,0.8170737,0.5510780226190884,0.5466399184059588,3.0,0.49594218867748285,0,1,0,0,1,1,3,0,0,0,Level_1_Low_Confidence
ZINCtC00000uKsXN,C[C@H]1CN(c2ncc(S(=O)(=O)N[C@H]3C[C@H](CC#N)C3)cc2Cl)CC2(CCCC2)O1,0.295,0.6816666666666665,0.2903269,0.9759774,0.14847666,0.940137,0.5552641116248237,0.5466346185272184,3.0,0.4467813916845657,0,0,0,1,1,1,3,0,0,0,Level_1_Low_Confidence
ZINCtn00000VfePj,Cc1noc(Cl)c1CC(=O)N[C@@H]1CCN(C(=O)c2cc(O)nc(O)c2)[C@H]1C1CC1,0.235,0.4975,0.6785293,0.90773284,0.013014448,0.99785066,0.554937878480802,0.5466039659899282,3.0,0.3127133956861285,0,1,0,0,1,1,3,0,0,0,Level_1_Low_Confidence
ZINCtD0000005hRp,CCO[C@@H](C)c1noc(CN2CCN(C(=O)N(C)c3ccc(Cl)cc3F)CC2)n1,0.33,0.59,0.87490094,0.7107089,0.028611569,0.7747954,0.5515028058364987,0.546507975612866,4.0,0.37278424664975107,0,1,0,1,1,1,4,0,0,1,Level_1_Low_Confidence
ZINCtJ00000xQw9T,CN([C@@H]1CCN(C(=O)c2cc(Cl)nc(Cl)c2F)C1)S(=O)(=O)c1ccc(Br)cc1F,0.305,0.6741666666666666,0.32382515,0.85959053,0.1826194,0.9830592,0.5547101613548067,0.5464418796120524,3.0,0.4662648198468668,0,0,0,1,1,1,3,0,0,0,Level_1_Low_Confidence
ZINCrC00000Frdhg,Cc1cocc1C(=O)N(CCc1cccc(F)c1)CC1CCS(=O)(=O)CC1,0.23,0.635,0.025371766,0.6694216,0.7691918,0.99602675,0.5541686558102569,0.5463346361897304,4.0,0.3519461935247871,0,0,1,1,1,1,4,0,0,1,Level_1_Low_Confidence
ZINCto000008gpZF,O=C(N[C@H]1CCN(CCc2ccc3c(c2)CCO3)C[C@H]1O)c1cc(C2CC2)on1,0.215,0.39,0.76012564,0.730815,0.22977263,0.99266505,0.553063051700592,0.546090720084542,3.0,0.4688668049721021,0,1,0,0,1,1,3,0,0,0,Level_1_Low_Confidence
ZINCt800001Eplic,C[C@H](CN1CCN(C(=O)c2ocnc2C2CC2)CC1)NC(=O)c1cnnc(O)c1,0.31666666666666665,0.46,0.6967967,0.8566899,0.005187887,0.9823908,0.5529553267494257,0.5459323448121512,3.0,0.2761176204401277,0,1,0,0,1,1,3,0,0,0,Level_1_Low_Confidence
ZINCsm00001S8vDU,O=C(NCCC1CN(S(=O)(=O)CCC[C@@H]2CCOC2)C1)c1c[nH]cc(Cl)c1=O,0.265,0.6741666666666667,0.46761414,0.92141175,0.0017851152,0.99946636,0.5549073397153471,0.5458122517677336,3.0,0.22714237461936201,0,0,0,1,1,1,3,0,0,0,Level_1_Low_Confidence
ZINCtz00000DDmXg,CC(C)c1c(Cl)ncnc1N[C@@H]1CN(C(=O)[C@@H]2NC(=O)O[C@H]2C)CC2(CCC2)C1,0.3,0.66,0.3898857,0.9571679,0.030565726,0.9901506,0.5546283189579845,0.5458083054507877,3.0,0.36162165530278023,0,0,0,1,1,1,3,0,0,0,Level_1_Low_Confidence
ZINCsd00001n5jCj,C[C@H](O)CC(=O)N[C@@H]1C[C@H]1CNC(=O)c1cc(S(=O)(=O)N2CCC2)ccc1Cl,0.29,0.705,0.27983743,0.9891139,0.11856513,0.94480336,0.5545533067981402,0.545636575722948,3.0,0.43020250910053986,0,0,0,1,1,1,3,0,0,0,Level_1_Low_Confidence
ZINCsG000004nDxM,CCC[C@H](C(=O)N[C@H]1[C@@H]2CN(c3ccc([N+](=O)[O-])c(OCC)c3)C[C@@H]21)C(C)C,0.22,0.395,0.3937109,0.6996532,0.60662335,0.99995583,0.5524905506769816,0.5456309825224234,3.0,0.49392764394926486,0,0,1,0,1,1,3,0,0,0,Level_1_Low_Confidence
ZINCtu00000iYOAS,O=C(N[C@@H]1CCCCN(C(=O)[C@@H]2C[C@H]2[N+](=O)[O-])CC1)c1c(F)cc(F)c(F)c1F,0.2275,0.41,0.232339,0.7463357,0.700499,0.9996011,0.5527124673128129,0.5455967912352677,3.0,0.47388828325260723,0,0,1,0,1,1,3,0,0,0,Level_1_Low_Confidence
ZINCtn0000098PNV,COc1ccc([N+](=O)[O-])c(N[C@H](C)[C@H]2CCN(C(=O)c3ccc(O)nn3)C2)c1F,0.3075,0.5025,0.15333568,0.41966188,0.92096466,0.9999781,0.5506567230820656,0.545470668880652,3.0,0.45739656329600686,0,0,1,1,0,1,3,0,0,0,Level_1_Low_Confidence
ZINCtt00000tnuAt,Cc1c([N+](=O)[O-])ccc(Br)c1C(=O)N1C[C@H]2C[C@@]2(CNC(=O)c2cncnc2)C1,0.22,0.44,0.10093341,0.75976735,0.7964714,0.99998325,0.5528592386345069,0.5454442291479583,3.0,0.4252317093852242,0,0,1,0,1,1,3,0,0,0,Level_1_Low_Confidence
ZINCtE00000oJ3PM,Cn1[nH]c(=NC(=O)C2=NO[C@]3(CCN(C(=O)c4ccc(Cl)c(Br)c4)C3)C2)cc1Cl,0.365,0.595,0.47711495,0.89495915,0.3840563,0.5804609,0.5494318838914235,0.5454414689625408,3.0,0.5238826177393648,0,0,0,1,1,1,3,0,0,0,Level_1_Low_Confidence
ZINCsE000002r4SQ,Cc1cc(C)cc(C(=O)N(C)C[C@H]2CCCN2c2ncc([N+](=O)[O-])cc2F)c1,0.27,0.375,0.6955633,0.37071037,0.5887008,0.9997473,0.5499536228179932,0.545368252071083,3.0,0.49860720018345533,0,1,1,0,0,1,3,0,0,0,Level_1_Low_Confidence
ZINCtz00000neveK,Nc1cc2c(c(C(=O)N3CCN(C(=O)c4cc5ccsc5s4)CC3)c1)OCCO2,0.28,0.525,0.5322745,0.8243651,0.15735996,0.9988205,0.5529700009028117,0.5453026628451989,4.0,0.46522071021794964,0,1,0,1,1,1,4,0,0,1,Level_1_Low_Confidence
ZINCtt00000f1eD5,COc1ccc(Cl)c(C)c1C(=O)NC[C@@H]1CCN1C(=O)c1ccn2nccc2n1,0.295,0.475,0.17992198,0.636557,0.725882,0.99474543,0.5511843991279602,0.5449321106393287,3.0,0.47570296003903906,0,0,1,0,1,1,3,0,0,0,Level_1_Low_Confidence
ZINCsl00000jhUFm,Cn1cncc1C(=O)N[C@H]1C[C@@H]2C[C@H]1CN2S(=O)(=O)c1ccc(C#N)cc1Cl,0.29,0.5495833333333333,0.6848965,0.9224785,0.071983315,0.78756297,0.5510841067466471,0.5447055673648561,4.0,0.4227545751149357,0,1,0,1,1,1,4,0,0,1,Level_1_Low_Confidence
ZINCtc00000o6vq2,NS(=O)(=O)CC(=O)N1CCc2c(CNC(=O)c3cc(C4CC4)on3)cccc2C1,0.28,0.625,0.4946776,0.8666528,0.05314808,0.99883384,0.5530520507941644,0.544628628998572,3.0,0.39813562781576045,0,0,0,1,1,1,3,0,0,0,Level_1_Low_Confidence
ZINCsx00000bXg1B,COc1ncccc1CC(=O)N1C[C@H]2CCN(C(=O)c3cscc3SC)[C@H]2C1,0.385,0.525,0.82084167,0.80936354,0.020762067,0.7327436,0.5489518170307081,0.5446112185029696,4.0,0.3562112389174831,0,1,0,1,1,1,4,0,0,1,Level_1_Low_Confidence
ZINCt500001cLw4t,CC(C)[C@H]1CN(C(=O)c2cc3n(n2)CCCC3=O)CCN1C(=O)[C@H](C)S(N)(=O)=O,0.31,0.54,0.6961186,0.764498,0.01092751,0.98625803,0.551300354829679,0.5442312255784446,4.0,0.31409026081261315,0,1,0,1,1,1,4,0,0,1,Level_1_Low_Confidence
ZINCsw00000aoOnW,CCc1cc(Cl)ccc1C(=O)N1CCN(C(=O)c2cnc(O)cc2O)C[C@H]1C,0.285,0.625,0.5604244,0.8536297,0.04094826,0.94724303,0.5520408985267083,0.5441776794903244,4.0,0.3859532631853069,0,1,0,1,1,1,4,0,0,1,Level_1_Low_Confidence
ZINCtt00000tnuAO,Cc1c([N+](=O)[O-])ccc(F)c1C(=O)N1CC(NC(=O)c2ccc(C#N)c(F)c2)C1,0.28,0.3675,0.5398667,0.1297583,0.9668916,0.9999988,0.5473358964920044,0.5441306498097189,3.0,0.43705462274941803,0,1,1,0,0,1,3,0,0,0,Level_1_Low_Confidence
ZINCtG00000F9u3i,CSc1cc(C(=O)N[C@]23COCC[C@@H]2CN(C(=O)c2cc(Cl)ccc2C)C3)co1,0.22,0.71,0.38493675,0.98220646,0.030593432,0.9966215,0.5540596892933051,0.544067895065808,3.0,0.34879635757988553,0,0,0,1,1,1,3,0,0,0,Level_1_Low_Confidence
ZINCtB000003TFUm,Cc1ncc(C(=O)N2CC[C@H](C3CC3)[C@H]2CNC(=O)[C@H](O)c2ccccc2Cl)s1,0.2125,0.58,0.08392669,0.9338123,0.6091796,0.8935708,0.552164901594321,0.5439489470369426,4.0,0.4170007406591839,0,0,1,1,1,1,4,0,0,1,Level_1_Low_Confidence
ZINCrj000011lx9E,Cc1nc(Cl)ccc1S(=O)(=O)N1C[C@@H](F)C[C@H](C(=O)N(CCO)C2CC2)C1,0.29,0.7425,0.2890213,0.92792654,0.25576845,0.8038536,0.5515116455157597,0.543938097797387,3.0,0.47763224611915056,0,0,0,1,1,1,3,0,0,0,Level_1_Low_Confidence
ZINCtH000004Dnk2,C[C@H]1CC[C@H](NC(=O)c2coc(C3CCCCC3)n2)CN1c1ncc(Br)c(O)n1,0.29,0.375,0.45813742,0.6055633,0.6993059,0.8615637,0.5482617133855819,0.5438114751315285,3.0,0.5127706865679369,0,0,1,0,1,1,3,0,0,0,Level_1_Low_Confidence
ZINCtI00000xQwak,CN(C(=O)C1(c2ccc(Cl)c(Cl)c2)CC1)[C@@H]1CCN(c2ccn3nccc3n2)C1,0.34,0.51,0.31708544,0.88581914,0.6861168,0.54387116,0.5471487601598104,0.5437375508639829,4.0,0.5127560096815116,0,0,1,1,1,1,4,0,0,1,Level_1_Low_Confidence
ZINCtR00001dibuj,Clc1cc([C@H](c2nnnn2CC2CC2)N2CCOC3(CCCC3)C2)cc(Cl)c1Cl,0.315,0.53,0.52382576,0.8983503,0.95729446,0.033862654,0.5430555302153031,0.5437274615297503,4.0,0.3695423840363616,0,1,1,1,1,0,4,0,0,1,Level_1_Low_Confidence
ZINCtt00000tnuAQ,Cc1c([N+](=O)[O-])ccc(F)c1C(=O)Nc1ccc(C(=O)N2CCO[C@H]3C[C@H]32)nc1,0.17,0.525,0.31878808,0.8248881,0.47562832,0.99998724,0.5523819587628047,0.543720053738736,3.0,0.472746059861265,0,0,0,1,1,1,3,0,0,0,Level_1_Low_Confidence
ZINCrA00000kUpll,N#Cc1cc(C(=O)N[C@@]23CCN(C(=O)c4ccc(Br)c(F)c4)C[C@H]2C3)co1,0.285,0.5375,0.17832334,0.9056048,0.41224188,0.992078,0.5517913342515627,0.5437169421860512,3.0,0.4650625408979364,0,0,0,1,1,1,3,0,0,0,Level_1_Low_Confidence
ZINCtd000031F6t5,CCc1nocc1S(=O)(=O)N1C[C@H](C)O[C@@]2(CCN(C(=O)[C@H](O)CC3CC3)C2)C1,0.345,0.68,0.20886609,0.95936316,0.39933982,0.70461935,0.5495314041773478,0.5434693580992678,3.0,0.48630943436724133,0,0,0,1,1,1,3,0,0,0,Level_1_Low_Confidence
ZINCqp00001zaweq,Cc1nc(Cl)ccc1S(=O)(=O)N1CCC[C@H]([C@@H](C)NS(=O)(=O)C2CC2)C1,0.305,0.69,0.45185176,0.9848149,0.7889205,0.04406537,0.5441087550918261,0.5433017999282542,3.0,0.38498017485327746,0,0,1,1,1,0,3,0,0,0,Level_1_Low_Confidence
ZINCt500001kHuFM,O=C(Cc1cncs1)N[C@@H]1C[C@H]2CN(C(=O)c3cc(Cl)nnc3O)CCN2C1=O,0.31,0.57125,0.47942126,0.9332768,0.015395251,0.99994195,0.5515475377750894,0.5432957433341137,3.0,0.3268733663760743,0,0,0,1,1,1,3,0,0,0,Level_1_Low_Confidence
ZINCsJ000002SI3m,C=CCOc1ccccc1C(=O)N1CCN(Cc2nc(C(C)(C)C)cs2)CC1,0.365,0.595,0.40936917,0.9085104,0.033571243,0.99459773,0.5510080889860789,0.5432909394557593,3.0,0.3730882959263191,0,0,0,1,1,1,3,0,0,0,Level_1_Low_Confidence
ZINCtt00000tnuA5,Cc1cnoc1C(=O)N1CCc2nn(C)c(C(=O)N=c3cnc(Br)c(Cl)[nH]3)c2C1,0.335,0.57,0.6095068,0.7106542,0.14955184,0.92165065,0.5493939119577408,0.5432257276097088,4.0,0.474408473377244,0,1,0,1,1,1,4,0,0,1,Level_1_Low_Confidence
ZINCtj00001n1JWX,C[C@H](O)CN(CCNC(=O)c1cc2occc2n1C)C(=O)[C@@H]1COCCC1(F)F,0.315,0.485,0.288954,0.7093664,0.8249111,0.6572973,0.5467548002799352,0.5431837786089443,3.0,0.5069752607950104,0,0,1,0,1,1,3,0,0,0,Level_1_Low_Confidence
ZINCt500001cLwLN,CC(C)[C@H]1CN(C(=O)c2cn(C)[nH]c2=N)CCN1C(=O)c1coc(S(N)(=O)=O)c1,0.42,0.575,0.9541807,0.51840234,0.04939897,0.76010674,0.546181461289525,0.5431607978193894,4.0,0.406101443599339,0,1,0,1,1,1,4,0,0,1,Level_1_Low_Confidence
ZINCtL000016525s,CCCNC(=O)[C@H](c1cc2occc2s1)N(C)Cc1ccc(OC)c([N+](=O)[O-])c1,0.2625,0.405,0.17777392,0.5883908,0.86092037,0.9999263,0.5490852413574855,0.5431051043077563,3.0,0.4607954808740311,0,0,1,0,1,1,3,0,0,0,Level_1_Low_Confidence
ZINCsB00000b3gaY,C[C@H](C(=O)N[C@@H]1CCN(C(=O)CCc2ccc([N+](=O)[O-])cc2Cl)C1)C(C)(F)F,0.22166666666666665,0.4,0.6445757,0.3838156,0.64006275,0.99972194,0.5483071103360918,0.5430732797928172,3.0,0.4911450646751485,0,1,1,0,0,1,3,0,0,0,Level_1_Low_Confidence
ZINCrB000006eSrI,CC[C@H](F)C(=O)N1CCC[C@@H]1CN(C)C(=O)c1ccc(SC)c([N+](=O)[O-])c1,0.23,0.42,0.7111674,0.3669184,0.56033266,0.9995246,0.5479905098676682,0.5428124292353366,3.0,0.49161634661094056,0,1,1,0,0,1,3,0,0,0,Level_1_Low_Confidence
ZINCsx000007vrJr,CC(C)(C)n1cc(Cl)c(C(=O)N2CC[C@@H](C3(NC(=O)c4cnco4)CC3)C2)n1,0.27,0.5566666666666668,0.05359956,0.8373804,0.7807914,0.7925381,0.5484960238304403,0.5422835092873578,4.0,0.40126661445518025,0,0,1,1,1,1,4,0,0,1,Level_1_Low_Confidence
ZINCtx00000ghJ5r,COc1nsc(OC)c1C(=O)N1CC[C@H]2[C@@H](C1)CN2C(=O)c1ccc(C)c(C)c1,0.36,0.545,0.42219543,0.8557937,0.117586896,0.9966076,0.5495306077599525,0.542281960261629,3.0,0.45003275544895266,0,0,0,1,1,1,3,0,0,0,Level_1_Low_Confidence
ZINCny00000mOvHU,CCOc1c(Cl)cc(C)nc1C(=O)N1CC[C@]2(CC[C@@H](O)C2)C1,0.29,0.615,0.39498934,0.84372425,0.4242748,0.71928024,0.5478781062364578,0.5421417555572292,3.0,0.5125867772646742,0,0,0,1,1,1,3,0,0,0,Level_1_Low_Confidence
ZINCsJ00000DjKdV,CCn1cc(C)c(CN(CC[C@]23CCC[C@H]2C3)C(=O)CCC(C)(C)[N+](=O)[O-])n1,0.24,0.45,0.18285352,0.6570021,0.7638845,0.99957234,0.5488854054609934,0.5421025059113265,3.0,0.46343549274346424,0,0,1,0,1,1,3,0,0,0,Level_1_Low_Confidence
ZINCsN00000gCuvP,O=S(=O)(c1ccc(Cl)nc1)N1CCc2cc(-c3cc(Cl)ncc3F)ccc2C1,0.305,0.6166666666666667,0.72461647,0.5806426,0.96899134,0.046560686,0.540412956815627,0.5420844982895585,4.0,0.39094690271105936,0,1,1,1,1,0,4,0,0,1,Level_1_Low_Confidence
ZINCpE00000qYqtS,COc1nc(C)c(S(=O)(=O)N[C@@H]2[C@H]3Cc4ccc(Cl)cc4[C@H]32)cc1Br,0.31,0.5945833333333332,0.29745835,0.97027695,0.17558812,0.9531677,0.5501790714595053,0.5420064829159571,3.0,0.4552606581835225,0,0,0,1,1,1,3,0,0,0,Level_1_Low_Confidence
ZINCtT00000PSJOt,COc1nsc(COC(=O)[C@@H]2CC3(CCCC3)CCN2C(=O)OC(C)(C)C)c1Br,0.355,0.6191666666666666,0.17085065,0.9009182,0.31483072,0.93507415,0.5493067288067606,0.5419223592227795,3.0,0.463849234096827,0,0,0,1,1,1,3,0,0,0,Level_1_Low_Confidence
ZINCsI00000kXg0V,CN(C[C@H]1CCCN(C(=O)c2cc(Br)ccc2O)C1)C(=O)c1cnccc1Cl,0.33,0.63,0.5009989,0.78457797,0.06877966,0.9814192,0.5492959579825402,0.5418401745046284,4.0,0.4203460739324364,0,1,0,1,1,1,4,0,0,1,Level_1_Low_Confidence
ZINCth000015zZpo,CN(C)c1ncc(C(=O)N2CCN(C(=O)[C@H](NC(N)=O)C(C)(C)C)CC2)cc1Cl,0.325,0.545,0.7818398,0.8153338,0.01586519,0.80178016,0.5474698209638397,0.5418313768490197,4.0,0.33589660076447475,0,1,0,1,1,1,4,0,0,1,Level_1_Low_Confidence
ZINCtK00000tIzjR,O=[N+]([O-])c1ccc(-c2ccnc(NS(=O)(=O)c3c(F)cc(F)cc3F)c2)cc1F,0.2375,0.505,0.10549726,0.4937833,0.9456755,0.9999914,0.547907911290725,0.5416643611991658,3.0,0.42518555115274664,0,0,1,1,0,1,3,0,0,0,Level_1_Low_Confidence
ZINCrb00000In2wp,CC[C@H](O)[C@@H](C)C(=O)NC[C@H]1CN(C(=O)c2cnc(Cl)cc2N)CCN1C,0.375,0.46,0.81986934,0.7513312,0.823664,0.003955443,0.5389700003496061,0.5415498787492302,3.0,0.2649832349628516,0,1,1,0,1,0,3,0,0,0,Level_1_Low_Confidence
ZINCqM00000FOqDv,O=C([C@@H]1CCCS1(=O)=O)N(Cc1ccc(Cl)s1)CC1(CC2CC2)CCC1,0.2875,0.6020833333333333,0.07209232,0.6078796,0.74115217,0.9779922,0.5481165956291888,0.5413902583978981,4.0,0.42012058289347876,0,0,1,1,1,1,4,0,0,1,Level_1_Low_Confidence
ZINCte00001rXSFP,C[C@H]1CCN(C(=O)[C@H]2C[C@@H](O)CN2C(=O)CN2C(=O)COc3ccc(Cl)cc32)C1,0.22,0.67,0.63209486,0.82619,0.08830885,0.858146,0.5491232858598233,0.541349243741509,4.0,0.42428158308045033,0,1,0,1,1,1,4,0,0,1,Level_1_Low_Confidence
ZINCtB00000qkWf8,COC[C@H]1CCCCN1C(=O)[C@@H]1C[C@@H](C)CN1C(=O)c1ccc(Cl)cc1[N+](=O)[O-],0.23,0.5,0.63537717,0.6013971,0.3225386,0.9998472,0.5481933422883352,0.5413418019071538,3.0,0.4919274062658569,0,1,0,0,1,1,3,0,0,0,Level_1_Low_Confidence
ZINCpV000010syCy,COc1cc(Cl)c(Br)cc1-c1nc2c(I)c(Br)ccn2c1NC(C)C,0.26,0.42,0.70454353,0.7074428,0.250378,0.9425227,0.5474811780452727,0.5412576804389344,3.0,0.483932701503816,0,1,0,0,1,1,3,0,0,0,Level_1_Low_Confidence
ZINCsu00000dGN1c,Cc1[nH]nc(C(=O)N(C)C[C@@H]2CCN(C(=O)Cc3cc(C4CC4)no3)C2)c1Cl,0.36625,0.535,0.42592084,0.9399324,0.2501388,0.7629881,0.5467050216595332,0.5411584572293233,3.0,0.4964505040067027,0,0,0,1,1,1,3,0,0,0,Level_1_Low_Confidence
ZINCtc00002pFzxu,CN1CCN(c2ccc(S(=O)(=O)N(C)CCN3CCCC3=O)c(Cl)c2)C[C@@H]1CO,0.275,0.7520833333333333,0.88840747,0.9138663,0.09375772,0.34279484,0.544318273001247,0.540646445885054,3.0,0.41881523294416945,0,1,0,1,1,0,3,0,0,0,Level_1_Low_Confidence
ZINCrC00000bDqfg,O=C(c1cc(Cl)no1)N1CCN(C(=O)Cc2ccc(Cl)cc2)[C@H](C2CC2)C1,0.315,0.46,0.7090099,0.7123783,0.25590444,0.82066125,0.5454923152923584,0.5405765539492275,3.0,0.4986305141377885,0,1,0,0,1,1,3,0,0,0,Level_1_Low_Confidence
ZINCtk00001v84NK,C[C@H](C(=O)N1CC[C@@H]2CN(C(=O)c3cccc([N+](=O)[O-])c3O)C[C@H]21)n1cccn1,0.25,0.54,0.27978218,0.92215437,0.30262357,0.99997616,0.5490893785158794,0.5405046141823978,3.0,0.46824696649169767,0,0,0,1,1,1,3,0,0,0,Level_1_Low_Confidence
ZINCsp00000d3ZOq,CN(CC(=O)N1CC[C@@H](Nc2ncc([N+](=O)[O-])cc2Br)C2(CCC2)C1)C(N)=O,0.27,0.345,0.6568444,0.47044715,0.53031975,0.9999871,0.5454330676794052,0.5404265391742084,3.0,0.49805969708333214,0,1,1,0,0,1,3,0,0,0,Level_1_Low_Confidence
ZINCsn00001cj9Ad,Cn1c(Cl)c([C@@H](C(=O)NC[C@H]2CCOC2)N2CCn3c(Br)cnc3C2)sc1=O,0.275,0.53,0.8298242,0.6476764,0.015983244,0.9840074,0.5470818800106645,0.5403521376573447,4.0,0.3274180938846582,0,1,0,1,1,1,4,0,0,1,Level_1_Low_Confidence
ZINCtI00000xQwax,CN(C(=O)c1cc2cccc(Br)c2[nH]1)[C@H]1CCN(Cc2ccc(C#N)cc2O)C1,0.32,0.445,0.26964,0.5430024,0.76485527,0.92736655,0.5449773742755254,0.5401352180064992,3.0,0.49543626659185375,0,0,1,0,1,1,3,0,0,0,Level_1_Low_Confidence
ZINCtp000013MttY,O=C(Cc1ccsc1Cl)NCCC1(O)CN(C(=O)CCc2nc(C3CC3)no2)C1,0.27,0.6775,0.27658638,0.92300296,0.14861612,0.99984235,0.5492579679687818,0.5401175976729562,3.0,0.43673439860210567,0,0,0,1,1,1,3,0,0,0,Level_1_Low_Confidence
ZINCrw00000PRG02,CC(C)N1CCC(C(=O)NCCC[C@H](C)NS(=O)(=O)c2ccoc2Cl)CC1,0.28,0.6679166666666666,0.12892172,0.95135564,0.38517547,0.8755531,0.5481537597046958,0.5400922991360051,3.0,0.44471495110724085,0,0,0,1,1,1,3,0,0,0,Level_1_Low_Confidence
ZINCsq00000qbPRi,COC[C@@]1(C(=O)NCc2ccc(F)c(O)c2)C=CCN1C(=O)c1cc(O)cs1,0.34,0.62,0.45969692,0.77924246,0.22677298,0.8506706,0.5460638216137886,0.539903006617059,3.0,0.4941907212666898,0,0,0,1,1,1,3,0,0,0,Level_1_Low_Confidence
ZINCty000009kFm6,CSc1nc(Cl)c(C)c(=N[C@@H]2C[C@H]3C[C@@H](C2)N(C(=O)c2c[nH]nc2[N+](=O)[O-])C3)[nH]1,0.25,0.5075,0.6364468,0.8403538,0.052122854,0.99998784,0.5477352092166742,0.5397439078331415,4.0,0.3903347366894722,0,1,0,1,1,1,4,0,0,1,Level_1_Low_Confidence
ZINCqk00001zaweo,Cc1nc(Cl)ccc1S(=O)(=O)N1CC[C@]2(CCN(C(=O)C(C)(C)O)C2)C1,0.3,0.7341666666666667,0.30747753,0.9429742,0.020190505,0.9885712,0.5488966903628575,0.5397106967542329,3.0,0.32927900886482714,0,0,0,1,1,1,3,0,0,0,Level_1_Low_Confidence
ZINCtu00000iYRn6,O=C(N[C@@H]1CCCCN(C(=O)c2cn[nH]c2)C1)c1cc2cc([N+](=O)[O-])ccc2o1,0.305,0.255,0.9113774,0.040570516,0.73706365,0.99977505,0.5414644308139881,0.5394931407431338,3.0,0.35839285813389954,0,1,1,0,0,1,3,0,0,0,Level_1_Low_Confidence
ZINCtd00000oqnjc,C=CCC(=O)N1CCN(S(=O)(=O)C2CN(C(=O)c3c(C)nn(CC)c3Cl)C2)CC1,0.36,0.6541666666666667,0.24652381,0.51793593,0.51917976,0.97442305,0.5453715371754434,0.5394917598571055,4.0,0.49777359504809604,0,0,1,1,1,1,4,0,0,1,Level_1_Low_Confidence
ZINCsr00000gQG09,COc1ccc(S(C)(=O)=O)cc1C(=O)N1CCN(C(=O)c2cccs2)C[C@@H]1C,0.245,0.67,0.4571031,0.92606676,0.06645236,0.9235273,0.548024920274814,0.5393499361855764,3.0,0.4026950132071677,0,0,0,1,1,1,3,0,0,0,Level_1_Low_Confidence
ZINCrF00000X5oSG,Cc1cc([N+](=O)[O-])c(S(=O)(=O)NC(=O)[C@H](F)C2CCC(C)(C)CC2)cc1C,0.18,0.57,0.08758204,0.7693822,0.6802974,0.9999998,0.5478769019246101,0.5393114979322073,4.0,0.40932399761909577,0,0,1,1,1,1,4,0,0,1,Level_1_Low_Confidence
ZINCtN00001rhB4l,C=C[C@H]1CN(C(=O)c2ccc(O)c(C)c2C)C[C@H]1Nc1ccc([N+](=O)[O-])cc1Cl,0.35,0.4825,0.5292827,0.6666081,0.24372685,0.9999978,0.5453525714079539,0.5392795207483548,3.0,0.4939363734188852,0,1,0,0,1,1,3,0,0,0,Level_1_Low_Confidence
ZINCtQ00001dibui,Clc1cc([C@H](c2nnnn2CC2CC2)N2CCc3cccnc3C2)cc(Cl)c1Br,0.33,0.42,0.67706466,0.9252043,0.84721684,0.027029827,0.5377526010076205,0.5390039388713895,3.0,0.3546049630377062,0,1,1,0,1,0,3,0,0,0,Level_1_Low_Confidence
ZINCs800000L5r3O,C[C@@H](CC1CN(C(=O)c2cc(S(N)(=O)=O)ccc2F)C1)NC(=O)[C@H]1C[C@@H](O)C1,0.3425,0.4846666666666667,0.4750654,0.5966012,0.5014845,0.86061704,0.5434891366428799,0.5389262730167831,3.0,0.5223177521100497,0,0,1,0,1,1,3,0,0,0,Level_1_Low_Confidence
ZINCrJ00000tkjwC,CCN(C(=O)c1csc(C)c1OC)[C@H]1CCCN(C(=O)c2cc(Cl)ns2)C1,0.4,0.6566666666666667,0.23731127,0.94447106,0.060985204,0.9810621,0.5467493866301245,0.5388979253260943,3.0,0.39006665754827363,0,0,0,1,1,1,3,0,0,0,Level_1_Low_Confidence
ZINCtc00000o6KNB,NS(=O)(=O)c1cc(C(=O)N2CC3(CC3)C[C@@H]2CNC(=O)C=C[C@@H]2CCOC2)co1,0.33,0.6,0.60325444,0.71320546,0.3663488,0.6444909,0.5428832658131917,0.5388854350181336,4.0,0.5214932077628965,0,1,0,1,1,1,4,0,0,1,Level_1_Low_Confidence
ZINCqM00000DJR9b,CC1(C)Cc2cc(COC(=O)Cc3cc(Cl)ccc3[N+](=O)[O-])ccc2O1,0.3,0.42,0.51881707,0.5340639,0.49188423,0.9999972,0.5441270621617634,0.5386351858724093,3.0,0.5079332162386442,0,1,0,0,1,1,3,0,0,0,Level_1_Low_Confidence
ZINCrm00001fVlvD,COc1cc(NC(=O)N[C@H](c2nncn2C)C(C)C)c(Cl)cc1S(N)(=O)=O,0.235,0.63325,0.41111052,0.97135377,0.037195135,0.9999733,0.5479804536153873,0.5384932255432114,3.0,0.36091832822185343,0,0,0,1,1,1,3,0,0,0,Level_1_Low_Confidence
ZINCtU00000PSJNH,COc1ncc(SCC(=O)N2CCC[C@@H]2c2ccc(C(C)(C)C)cc2)c(C)c1Br,0.205,0.63,0.3049887,0.9531599,0.2074393,0.98704505,0.5479388322432835,0.5384138863095155,3.0,0.44425125370685253,0,0,0,1,1,1,3,0,0,0,Level_1_Low_Confidence
ZINCtx00000ghNsa,COc1nscc1C(=O)N1CC[C@@H](N(C)C(=O)c2ccn(C(C)(C)C)n2)[C@@H](C)C1,0.35,0.56,0.39899492,0.8522803,0.4000429,0.69801927,0.543222899834315,0.5384044579918502,3.0,0.5147898529793354,0,0,0,1,1,1,3,0,0,0,Level_1_Low_Confidence
ZINCoe00000HQTCJ,C[C@@H](NC(=O)c1csnc1Cl)[C@H]1CN(C(=O)[C@@H]2CCN2C)CCO1,0.3116666666666667,0.5954166666666667,0.5780996,0.7585964,0.46553123,0.54127324,0.5417639713817173,0.5382896979988044,4.0,0.5231766632012772,0,1,0,1,1,1,4,0,0,1,Level_1_Low_Confidence
ZINCsk00000yzKKt,Cc1ncc(Cl)c(C(=O)N2CCC3(CC2)CN(C(=O)C[C@H]2CCOC2=O)C3)n1,0.275,0.605,0.48982558,0.775311,0.13332163,0.99858135,0.5461732579270998,0.5382267964393533,3.0,0.4509706255655369,0,0,0,1,1,1,3,0,0,0,Level_1_Low_Confidence
ZINCtn00000Vff5N,Cc1noc(Cl)c1CC(=O)N[C@@H]1CN(C(=O)c2cc(O)ccc2[N+](=O)[O-])C[C@@H]1F,0.24,0.485,0.30814806,0.6886697,0.55004996,0.99998647,0.5453090280294418,0.5381297940396247,3.0,0.48848729542810637,0,0,1,0,1,1,3,0,0,0,Level_1_Low_Confidence
ZINCtU00001Pck4k,C[C@H](CCC1CCCCC1)NS(=O)(=O)c1ccc(NCCc2ccno2)cc1Br,0.265,0.56875,0.6811119,0.79283005,0.71044004,0.21693006,0.5391770039002101,0.5380966431071572,4.0,0.48202419088445225,0,1,1,1,1,0,4,0,0,1,Level_1_Low_Confidence
ZINCts00000nEEQm,Cc1ccc(Cl)c(C(=O)N2CC=C[C@@H](NC(=O)[C@@H]3CCCCCS3(=O)=O)C2)c1O,0.34,0.685,0.053198606,0.744159,0.45240042,0.9992037,0.5456602811813355,0.5380192622352153,3.0,0.40116103969164696,0,0,0,1,1,1,3,0,0,0,Level_1_Low_Confidence
ZINCqA00000TBCHF,CC(C)c1nc(O)cc(N(C)[C@H](CNC(=O)c2scnc2Cl)C2CC2)n1,0.23,0.58,0.56585485,0.94805425,0.007605405,0.94808674,0.5466002075218906,0.5379211267050856,4.0,0.2832114105990971,0,1,0,1,1,1,4,0,0,1,Level_1_Low_Confidence
ZINCrO00000EanlJ,Cc1c(CNCC[C@@H]2CCN(C(=O)OC(C)(C)C)C2)cc(Br)cc1[N+](=O)[O-],0.275,0.395,0.3383387,0.6088944,0.64611626,0.9999791,0.5438880743583043,0.5379071281564995,3.0,0.4935761577096929,0,0,1,0,1,1,3,0,0,0,Level_1_Low_Confidence
ZINCqc00001AULFA,COC1(CCNC(=O)Cc2ncsc2Cl)CN(S(=O)(=O)[C@H]2CCOC2)C1,0.24,0.7416666666666667,0.3131185,0.9152023,0.07622044,0.9991996,0.5475679234332508,0.5378494811431453,3.0,0.39648636323198055,0,0,0,1,1,1,3,0,0,0,Level_1_Low_Confidence
ZINCsr00000cElWj,C[C@@H](Cc1ccco1)C(=O)N1CC[C@H]2CN(C(=O)Cc3nn(C)cc3Cl)[C@H]2C1,0.31,0.54,0.39734432,0.67504835,0.43536824,0.90415496,0.5436526447534561,0.5377058269368841,3.0,0.5103790345475185,0,0,0,1,1,1,3,0,0,0,Level_1_Low_Confidence
ZINCnu00000k3cP1,Cc1ccc(=O)n(CC(=O)OCc2ccc(I)c([N+](=O)[O-])c2)c1,0.23,0.38,0.51358724,0.24483879,0.883141,0.9999817,0.5419247846802075,0.5375402420082835,3.0,0.4618539491583444,0,1,1,0,0,1,3,0,0,0,Level_1_Low_Confidence
ZINCsp00000CWLgr,CCOc1nc(C(=O)N2C[C@H]3C[C@H]2CCN3C(=O)c2nc(C)ncc2Cl)co1,0.29,0.585,0.491943,0.89442176,0.034598157,0.9780731,0.5456726724902788,0.537508493394505,3.0,0.3690392411879689,0,0,0,1,1,1,3,0,0,0,Level_1_Low_Confidence
ZINCsN00000gCsOR,O=C(c1snnc1C1CC1)N1CC[C@]2(C(=O)Nc3cccc(Br)c3Cl)C[C@@H]2C1,0.32,0.61375,0.09417797,0.8777516,0.37270546,0.995074,0.5455764985581238,0.5374622895510484,3.0,0.42652771709107046,0,0,0,1,1,1,3,0,0,0,Level_1_Low_Confidence
ZINCsi00001CANtx,Cc1cn2c(n1)CN(C(=O)[C@@H]1C[C@H](F)CCN1C(=O)c1sc(O)nc1C)CC2,0.295,0.63375,0.3172831,0.9154959,0.11958465,0.99476856,0.5459803626934687,0.5373443656124122,3.0,0.43155895512822456,0,0,0,1,1,1,3,0,0,0,Level_1_Low_Confidence
ZINCtE00000r7h3K,CC1=C(C2CC2)C(C(=O)N2CCC2CNC(=O)CC2=CC=CC=C2[N+](=O)[O-])=CS1,0.28,0.41,0.2090077,0.5309847,0.8264941,0.9999991,0.5427475997805595,0.5371332972311804,3.0,0.4681707283570155,0,0,1,0,1,1,3,0,0,0,Level_1_Low_Confidence
ZINCtw00000FaAto,C[C@H](CCN(C)C(=O)c1cc(O)nc(C2CC2)n1)Nc1ccc([N+](=O)[O-])cc1F,0.2125,0.325,0.5992611,0.31173003,0.8014698,0.9999567,0.5416529436906179,0.5370473395002648,3.0,0.4667498986619598,0,1,1,0,0,1,3,0,0,0,Level_1_Low_Confidence
ZINCsx00000gmGP0,CS(=O)(=O)c1ccccc1CCN1CC(=O)N(CCc2ccc(Cl)cc2)C1=O,0.175,0.7066071428571428,0.4984309,0.90139884,0.020167146,0.97889024,0.5467490457033827,0.536885609597481,3.0,0.32113384421357605,0,0,0,1,1,1,3,0,0,0,Level_1_Low_Confidence
ZINCro00001r2KQn,COCc1cc(S(=O)(=O)N[C@@H]2C[C@H](C)CN(C(=O)c3ccoc3Cl)C2)on1,0.28,0.5291666666666667,0.38115242,0.8055603,0.33129615,0.93694997,0.5440209154950247,0.5368847317447617,3.0,0.49163939020696823,0,0,0,1,1,1,3,0,0,0,Level_1_Low_Confidence
ZINCtp00000g7bj0,CN1CCc2cc(C(=O)NCCOCCN=c3[nH]c(Cl)ncc3[N+](=O)[O-])sc2C1,0.215,0.4475,0.6390206,0.6228731,0.3376268,0.9999632,0.5436639646689098,0.5367952592322166,3.0,0.48446360279077777,0,1,0,0,1,1,3,0,0,0,Level_1_Low_Confidence
ZINCtx00000y3zqq,Cc1ncc(C(=O)N2CCC([C@@H](C)C(=O)Nc3nc(I)ccc3[N+](=O)[O-])CC2)[nH]1,0.235,0.5,0.14836542,0.5151112,0.86064315,0.9999938,0.5431855967640876,0.5367827687069033,3.0,0.44464696415961436,0,0,1,0,1,1,3,0,0,0,Level_1_Low_Confidence
ZINCtz00000DDZCx,NC(=O)[C@@H](O)CNc1ccc(S(=O)(=O)NC2(c3ccc(Cl)c(Cl)c3)CC2)c(Br)c1,0.31,0.57,0.48812023,0.8349736,0.12206578,0.9374719,0.5437719184160232,0.5365207715279666,3.0,0.4494327499435662,0,0,0,1,1,1,3,0,0,0,Level_1_Low_Confidence
ZINCrI00000yfzvn,CO[C@H]1CCN([C@H](C(=O)N[C@H]2CCOC2)c2sc(C)c(C)c2Br)[C@H]1C(C)C,0.24,0.59,0.08603791,0.723207,0.9854564,0.6220101,0.5411185712118943,0.5365033884716371,4.0,0.41886599001941893,0,0,1,1,1,1,4,0,0,1,Level_1_Low_Confidence
ZINCtB000006SpaV,Cc1coc(C)c1C(=O)N1CCN(C(=O)COc2ccccc2F)C[C@@](C)(F)C1,0.375,0.65,0.36838582,0.80842584,0.38974032,0.6540187,0.5409284472465515,0.5364518392593302,3.0,0.5142909358896094,0,0,0,1,1,1,3,0,0,0,Level_1_Low_Confidence
ZINCtj000013fgPS,O=C(NC[C@@H]1C[C@@H](O)CN1C(=O)CS(=O)(=O)c1ccccc1Cl)[C@H]1CC12CCC2,0.235,0.765,0.021667544,0.9893852,0.31213337,0.9544565,0.5462737685690323,0.5363751903577899,3.0,0.3235937478529331,0,0,0,1,1,1,3,0,0,0,Level_1_Low_Confidence
ZINCrO000012uU8G,C[C@H](Cc1cnco1)C(=O)N(Cc1cscc1Cl)C[C@H]1CC12CCOCC2,0.3875,0.595,0.09751278,0.8756614,0.34634528,0.958737,0.5434594076871871,0.5363540617011963,3.0,0.43241345160977973,0,0,0,1,1,1,3,0,0,0,Level_1_Low_Confidence
ZINCrB000001fcxW,Cc1nc(N2CCSC[C@H]2CCNC(=O)C[C@@H]2CC(C)(C)CO2)ncc1Br,0.255,0.475,0.1326006,0.88282776,0.5323874,0.9878339,0.5442749428749084,0.5363458539999968,3.0,0.4420056559157052,0,0,1,0,1,1,3,0,0,0,Level_1_Low_Confidence
ZINCsK000006VeaX,Cc1c(Br)ccnc1C(=O)N[C@@]12CCCCC[C@H]1N(C(=O)c1ccco1)CC2,0.33,0.5066666666666667,0.10094373,0.45635664,0.96928096,0.87893015,0.5403630250361231,0.5361227004043317,3.0,0.43268383812858496,0,0,1,1,0,1,3,0,0,0,Level_1_Low_Confidence
ZINCtw000005H56K,CN(C[C@H]1CCCCN1C(=O)C12CC1C2)C(=O)[C@@H]1Cc2ccc(Cl)cc2C(=O)O1,0.265,0.545,0.73319954,0.8157341,0.04197564,0.8549154,0.542637440909942,0.5359424869156052,4.0,0.38184660822167477,0,1,0,1,1,1,4,0,0,1,Level_1_Low_Confidence
ZINCtx00000iw7VQ,Cc1ccc(C(=O)N2CCN(C(=O)Cc3csc(C(C)(C)C)n3)[C@@H](C)C2)nc1O,0.315,0.54,0.4110393,0.83745784,0.2011248,0.9536457,0.5430446061491966,0.535833016025259,3.0,0.4732244936948319,0,0,0,1,1,1,3,0,0,0,Level_1_Low_Confidence
ZINCsJ00000kXg19,CN(C[C@H]1CCCN(C(=O)c2ccc(Br)s2)C1)S(=O)(=O)c1ccc(F)c(F)c1,0.2675,0.6366666666666666,0.50770044,0.83212376,0.047880396,0.9719886,0.5439766468273269,0.5357054497516465,4.0,0.38678982981493604,0,1,0,1,1,1,4,0,0,1,Level_1_Low_Confidence
ZINCrw00000PQTRB,CCc1cc2c(N3CCN(C(=O)c4[nH]ccc4Br)C[C@@H](O)C3)ncnc2s1,0.315,0.565,0.46082103,0.86946833,0.054984063,0.9961112,0.5435641068220138,0.5356783289520453,3.0,0.3968395543941447,0,0,0,1,1,1,3,0,0,0,Level_1_Low_Confidence
ZINCsM00001JM9pj,CC(C)c1nc(Cl)cc(=N[C@@H]2C=CCN(C(=O)c3cc(F)c(O)c(Cl)c3)C2)[nH]1,0.3275,0.5675,0.47185552,0.86146325,0.06849808,0.9616122,0.5430715128282706,0.5356264395874443,3.0,0.41319040312768834,0,0,0,1,1,1,3,0,0,0,Level_1_Low_Confidence
ZINCr500000PI4JP,CN(CC1(NC(=O)c2coc(S(N)(=O)=O)c2)CC1)C(=O)[C@@H]1CCCN1N=O,0.28,0.585,0.46388814,0.7629739,0.1874447,0.97994906,0.543209300339222,0.535612826875761,3.0,0.4690497617961744,0,0,0,1,1,1,3,0,0,0,Level_1_Low_Confidence
ZINCro00000HmuSX,CC(C)CS(=O)(=O)NC[C@H]1CCN(C(=O)c2ccc([N+](=O)[O-])o2)CC1(F)F,0.225,0.5329166666666666,0.4425792,0.054601368,0.9833786,0.9999922,0.5397446708298391,0.5354910321114474,3.0,0.3765236712503116,0,0,1,1,0,1,3,0,0,0,Level_1_Low_Confidence
ZINCrv00000PSspq,CO[C@H]1CCC[C@H](S(=O)(=O)NC[C@H]2CCCN(C(=O)c3scnc3Cl)C2)C1,0.3,0.6479166666666667,0.86167425,0.71147615,0.114928864,0.6017951,0.5396318340467082,0.5354662909293568,4.0,0.44943849579368544,0,1,0,1,1,1,4,0,0,1,Level_1_Low_Confidence
ZINCsl00000zZ94T,C#CCCC(=O)N1C[C@@H](NC(=O)c2cc(-c3ccccc3F)no2)C[C@@H](O)C1,0.255,0.49,0.22036268,0.6493933,0.64119524,0.99665076,0.5421003318826357,0.5352318239634763,3.0,0.47459071203263087,0,0,1,0,1,1,3,0,0,0,Level_1_Low_Confidence
ZINCtf00001NWqNg,CC(C)C[C@@](C)(O)C(=O)N1CCOC[C@H](CNC(=O)c2cc([N+](=O)[O-])ccn2)C1,0.265,0.26,0.85684144,0.031666845,0.81071603,0.99970794,0.5373220433791478,0.534973439460105,3.0,0.33890480870317047,0,1,1,0,0,1,3,0,0,0,Level_1_Low_Confidence
ZINCtJ00000xQwa5,CN(C(=O)C12CC3CC(CC(C3)C1)C2)[C@@H]1CCN(C(=O)c2cccc(Cl)c2O)C1,0.20666666666666664,0.615,0.044853285,0.8601605,0.5506636,0.9863226,0.5439444422390726,0.5349726402375573,4.0,0.372309492355567,0,0,1,1,1,1,4,0,0,1,Level_1_Low_Confidence
ZINCrG00000g689W,Cc1ccc(CN(C)[C@H](c2cccc(Cl)n2)c2nnnn2CCC2CC2)o1,0.31,0.5,0.74138945,0.9457831,0.7073525,0.0006766775,0.5342002881035054,0.5349351667373025,3.0,0.19321071787144428,0,1,1,0,1,0,3,0,0,0,Level_1_Low_Confidence
ZINCs5000003VDlv,COc1csc(C(=O)NCc2cnn3c2CN(C(=O)[C@H](C)S(N)(=O)=O)CC3)c1,0.26,0.565,0.50719136,0.88373893,0.044547647,0.9996517,0.543354935447375,0.5348720472786865,4.0,0.37832512416427766,0,1,0,1,1,1,4,0,0,1,Level_1_Low_Confidence
ZINCtI00000YgIze,Cc1ccc(S(=O)(=O)N[C@H]2C[C@@H]3CC[C@H](C2)N3C(=O)Cc2ccc(Cl)cc2F)s1,0.275,0.7141666666666666,0.18432662,0.9655676,0.12834954,0.9990317,0.5444070232576794,0.5348451084441045,3.0,0.4060499253820984,0,0,0,1,1,1,3,0,0,0,Level_1_Low_Confidence
ZINCqC000000xupG,C=CCC1(NC(=O)[C@H]2C[C@@H]2F)CCN(c2c(C)cccc2[N+](=O)[O-])CC1,0.24,0.41,0.049218263,0.6676809,0.8821226,0.99988616,0.5414846523354451,0.5347762002188262,3.0,0.37658380604693115,0,0,1,0,1,1,3,0,0,0,Level_1_Low_Confidence
ZINCql00000AnkDg,O=C(CC1OCCCO1)N[C@H]1CCCN(C(=O)c2csc([N+](=O)[O-])c2)C1,0.29,0.34375,0.62933934,0.2656665,0.7023677,0.9999367,0.5385100458065669,0.5347035265137963,3.0,0.47650402764672534,0,1,1,0,0,1,3,0,0,0,Level_1_Low_Confidence
ZINCrt00000pgztB,Cc1cccc([N+](=O)[O-])c1C(=O)N1C[C@@H]2C[C@@]2(CNC(=O)[C@@H]2CCCS2)C1,0.23,0.44,0.09005532,0.62280947,0.8656502,0.9999829,0.5414163094758987,0.5346967220919352,3.0,0.41231583265277844,0,0,1,0,1,1,3,0,0,0,Level_1_Low_Confidence
ZINCtj00001n1JWQ,C[C@@H](O)CN(CCNC(=O)c1cc2nc(Cl)ccc2o1)C(=O)Cc1nccn1C,0.335,0.615,0.90302235,0.620572,0.009332509,0.75242174,0.5392247608862818,0.5346884543226753,4.0,0.3053596996131581,0,1,0,1,1,1,4,0,0,1,Level_1_Low_Confidence
ZINCsK00000gZMS0,CC[C@H](C)[C@H](CN(Cc1cc(C#N)n(C)c1)C(=O)c1ccoc1C1CC1)OC,0.3,0.48,0.64311934,0.78100145,0.9878267,0.0039954344,0.5326571538609763,0.5342404198209285,3.0,0.2566010587102804,0,1,1,0,1,0,3,0,0,0,Level_1_Low_Confidence
ZINCsx00000gmGej,CS(=O)(=O)c1cccc(Cl)c1C(=O)N1[C@H]2CC[C@@H]1CN(C(=O)CCC1CC1)C2,0.29,0.73,0.069552265,0.97766626,0.22427313,0.969837,0.543554777354002,0.5342270191425972,3.0,0.3824868073984211,0,0,0,1,1,1,3,0,0,0,Level_1_Low_Confidence
ZINCss00000lEzPs,CCOC(=O)CC(C)(C)C(=O)N1CCN(C(=O)c2snc(O)c2Cl)C2(CC2)C1,0.385,0.665,0.27692813,0.93558264,0.012848491,0.97785944,0.5422031154856085,0.53420165880035,3.0,0.30676797859158866,0,0,0,1,1,1,3,0,0,0,Level_1_Low_Confidence
ZINCpy00000QmNlU,CC[C@H](O)CC(=O)N(Cc1cc([N+](=O)[O-])sn1)C[C@@H]1C[C@@H]1[C@H]1C[C@H]1C,0.2,0.46,0.05145697,0.8757584,0.66858244,0.9997339,0.5425886238366365,0.5341658931325935,3.0,0.37477961177114943,0,0,1,0,1,1,3,0,0,0,Level_1_Low_Confidence
ZINCtM0000163KJe,CC(C)CC[C@@H]1CCCN(S(=O)(=O)c2nc(N(C)C[C@@H]3CCCO3)ccc2Br)C1,0.285,0.6366666666666666,0.6396769,0.8466752,0.36318046,0.45574006,0.5378232225444582,0.5341409760981305,3.0,0.5033603832144972,0,1,0,1,1,0,3,0,0,0,Level_1_Low_Confidence
ZINCtx00000ghMap,COc1nscc1C(=O)N1CCC[C@@H](N(C)C(=O)c2cc3c(O)cccc3[nH]2)C1,0.33,0.475,0.61478597,0.8361587,0.005377328,0.98346317,0.5407975263769428,0.5337833241962477,3.0,0.2743200003009815,0,1,0,0,1,1,3,0,0,0,Level_1_Low_Confidence
ZINCsp00000FeENH,COc1cc(C(=O)N2CC[C@H](N(CCO)C(=O)c3ncoc3C)C2)ccc1Cl,0.23,0.66,0.5377821,0.85337615,0.008325532,0.9658626,0.5425577212373416,0.5337561330521572,4.0,0.28711617186520494,0,1,0,1,1,1,4,0,0,1,Level_1_Low_Confidence
ZINCtC00000jKmdW,C[C@@H]1C[C@H](NC(=O)c2cc([N+](=O)[O-])ccc2Cl)CN1C(=O)Cc1cccnc1Cl,0.345,0.515,0.28046227,0.4821152,0.61189115,0.9999862,0.5390757993857066,0.5337002161208619,3.0,0.4949408425990687,0,0,1,1,0,1,3,0,0,0,Level_1_Low_Confidence
ZINCsM000006Cdwk,CC(C)(C)c1ncsc1C(=O)N1CCC(CCNC(=O)c2csnc2Cl)CC1,0.36,0.5616666666666668,0.490337,0.8100442,0.22518979,0.7865873,0.5389708329902755,0.533626421522305,3.0,0.49224354658378716,0,0,0,1,1,1,3,0,0,0,Level_1_Low_Confidence
ZINCtl00000aMA49,C=CC[C@]1(NC(=O)CS(=O)(=O)CCCC)CCCN(c2c([N+](=O)[O-])cnn2C)C1,0.24,0.455,0.124533065,0.50925344,0.9089681,0.9999125,0.5396111830572288,0.5334859009287881,3.0,0.42969337108240835,0,0,1,0,1,1,3,0,0,0,Level_1_Low_Confidence
ZINCsh00002dBCBl,COc1nnc(Cl)cc1CC(=O)N1CC(Cn2cc([C@@H]3CCCN3C)nn2)C1,0.40125,0.56,0.70296115,0.7161734,0.0024654898,0.84654117,0.5382318688898037,0.5332219627601299,4.0,0.24860926685465218,0,1,0,1,1,1,4,0,0,1,Level_1_Low_Confidence
ZINCtD000004jIBy,CC(=O)c1cnc(Cl)nc1N1CC(OCCNC(=O)c2ccc(C(C)(C)C)s2)C1,0.245,0.625,0.45224854,0.92625785,0.005464551,0.99986625,0.542306198409448,0.5331319599405776,3.0,0.26552694313709124,0,0,0,1,1,1,3,0,0,0,Level_1_Low_Confidence
ZINCoB00000J06Zj,Cn1nnnc1[C@H](c1cc(Cl)cs1)N1CCO[C@@H](C(C)(C)C)CC1,0.3016666666666667,0.475,0.8208485,0.794765,0.07194066,0.76498204,0.5382004819975958,0.5330645442924883,3.0,0.415487591570431,0,1,0,0,1,1,3,0,0,0,Level_1_Low_Confidence
ZINCsO00000N4QEy,CC1(CC(=O)Nc2ccc(Cl)c([N+](=O)[O-])c2)CN(Cc2cccc(O)c2Cl)C1,0.255,0.505,0.32664835,0.79126763,0.36649534,0.9999998,0.5407351917028427,0.5329880428398753,3.0,0.4797893856670583,0,0,0,1,1,1,3,0,0,0,Level_1_Low_Confidence
ZINCsk00001OV8Pj,CS[C@H]1C[C@H](C(=O)N2CCOC[C@@H]2CN(C)C(=O)c2cc([N+](=O)[O-])ccn2)C1,0.26,0.36,0.70927125,0.06433421,0.8211929,0.9999657,0.5357940176626047,0.5326768724123636,3.0,0.3897864557506306,0,1,1,0,0,1,3,0,0,0,Level_1_Low_Confidence
ZINCrl00001S55tc,C[C@H](NC(=O)c1nn(C)cc1Cl)c1nc(C(=O)N[C@H]2CC[C@@H](O)CC2)co1,0.25666666666666665,0.585,0.537498,0.6789792,0.2939787,0.88258755,0.5391183541880714,0.5325814115437492,4.0,0.49219672511730306,0,1,0,1,1,1,4,0,0,1,Level_1_Low_Confidence
ZINCsm00001S8vDP,O=C(NCCC1CN(S(=O)(=O)c2sccc2F)C1)c1cccc(OCCO)c1,0.25,0.7666666666666666,0.24707833,0.98333126,0.015651926,0.993454,0.5426970274911986,0.532570987395132,3.0,0.29966275913856255,0,0,0,1,1,1,3,0,0,0,Level_1_Low_Confidence
ZINCqj00001zawel,Cc1nc(Cl)ccc1S(=O)(=O)N1CC2(CC(CC(=O)NC[C@H](C)O)C2)C1,0.34,0.5916666666666667,0.31910506,0.9505741,0.1180064,0.9213438,0.5401160049604045,0.5325047441866099,3.0,0.4334781005086699,0,0,0,1,1,1,3,0,0,0,Level_1_Low_Confidence
ZINCso00001wXibx,CCCC1(C(=O)NCCC2CN(S(=O)(=O)c3ccc4oc(O)nc4c3)C2)CC1,0.29,0.66,0.38797057,0.7928226,0.29092923,0.8124323,0.5390257805585862,0.5324008214896452,3.0,0.4904354756659123,0,0,0,1,1,1,3,0,0,0,Level_1_Low_Confidence
ZINCsn00001cj9Ae,Cn1c(Cl)c([C@H](NCC2CC3(C2)CC3(F)F)c2nnnn2C2COC2)sc1=O,0.25,0.52,0.6887977,0.81228715,0.10583064,0.85786843,0.5391306561231614,0.5323905406311048,4.0,0.4331411614590423,0,1,0,1,1,1,4,0,0,1,Level_1_Low_Confidence
ZINCtx00000uI0fx,CC(C)(CCC(=O)NC[C@@H](F)C1CCN(C(=O)C2C3(CC3)C23CC3)CC1)[N+](=O)[O-],0.305,0.305,0.50360495,0.30225718,0.800529,0.9998125,0.5360339359442393,0.5323466435560943,3.0,0.4739439531929873,0,1,1,0,0,1,3,0,0,0,Level_1_Low_Confidence
ZINCtr00000ec6GF,COc1ccnc(C(=O)N[C@H]2C[C@H](O)CN(C(=O)c3sccc3C3CC3)C2)c1F,0.268,0.66,0.09221843,0.95524305,0.27511603,0.9988298,0.5415678813854853,0.5322585338734566,3.0,0.4029671262097899,0,0,0,1,1,1,3,0,0,0,Level_1_Low_Confidence
ZINCtI00000xQwaf,CN(C(=O)C1(c2cccc(Cl)c2)CC1)[C@H]1CCN(S(=O)(=O)c2ccc(I)cc2)C1,0.28,0.665,0.28958893,0.84674174,0.5700836,0.57123685,0.5371085218588512,0.5321993708272351,4.0,0.4958814877432053,0,0,1,1,1,1,4,0,0,1,Level_1_Low_Confidence
ZINCtu000003bqCe,Cc1ccc(F)cc1C(=O)N1CC[C@@](O)([C@@H](C)NC(=O)c2csc([N+](=O)[O-])c2)C1,0.24416666666666667,0.5808333333333333,0.50404537,0.43300533,0.46874487,0.9999798,0.5384625613689423,0.5320976483962777,3.0,0.49386102772907436,0,1,0,1,0,1,3,0,0,0,Level_1_Low_Confidence
ZINCtB00000kjYnV,COc1ccc(C(=O)N[C@H]2CN(C(=O)Cc3ccsc3Cl)C3(CCOCC3)C2)o1,0.32,0.675,0.42545414,0.7919104,0.028539337,0.999785,0.5401148154834906,0.5320315385303387,3.0,0.3571814065867284,0,0,0,1,1,1,3,0,0,0,Level_1_Low_Confidence
ZINCoq00000sXQlX,C[C@@H]1CCN([C@@H](c2sc(=O)n(C)c2Cl)c2nnnn2C)CC1(C)C,0.31,0.59,0.87730813,0.7899988,0.05787322,0.5911485,0.5360547790924708,0.5319246136370702,4.0,0.4038261354436975,0,1,0,1,1,1,4,0,0,1,Level_1_Low_Confidence
ZINCtG00000QWyyg,Cc1cc([N+](=O)[O-])ccc1C(=O)NC[C@]1(CNc2ncc(Br)c(C)n2)CC1(F)F,0.205,0.425,0.25189292,0.6363701,0.715092,0.9993593,0.5387857266267141,0.5318297084975749,3.0,0.4640078779914076,0,0,1,0,1,1,3,0,0,0,Level_1_Low_Confidence
ZINCqC00000lenBx,C[C@@H](CC1(O)CCC1)NC(=O)[C@H]1CCN(C(=O)c2cc(Cl)cs2)C12CC2,0.295,0.5175,0.42984423,0.6815425,0.36328635,0.9420581,0.5382051964600881,0.5318165592437094,3.0,0.4982842925043192,0,0,0,1,1,1,3,0,0,0,Level_1_Low_Confidence
ZINCrk000029UEEh,CCC[C@H](c1nnnn1-c1cccc([N+](=O)[O-])c1)N(C)C[C@@H]1COC(=O)N1,0.245,0.215,0.72720265,0.092773244,0.9280561,0.99843,0.5344103386998177,0.5317791120147873,3.0,0.3857113642773775,0,1,1,0,0,1,3,0,0,0,Level_1_Low_Confidence
ZINCtx00000ghKDH,COc1nscc1C(=O)N(C)[C@@H]1CCN(C(=O)[C@@H]2[C@@H]3CC[C@@]2(c2ccco2)C3)C1,0.355,0.575,0.35380772,0.8815528,0.080455996,0.9899591,0.5392959416409333,0.5316564397820344,3.0,0.414490504316963,0,0,0,1,1,1,3,0,0,0,Level_1_Low_Confidence
ZINCri000011lx9V,Cc1nc(Cl)ccc1S(=O)(=O)N[C@@H]1COCCN(C(=O)c2cccnc2)C1,0.275,0.6941666666666667,0.08430795,0.9253739,0.2679567,0.9986803,0.5409142549501526,0.5316384707690693,3.0,0.39817949618938275,0,0,0,1,1,1,3,0,0,0,Level_1_Low_Confidence
ZINCsE00000pqXFa,O=C(NCCCC1CC1)[C@H](c1cnc2c(c1)COC2)N1CC[C@@]12CCCSC2,0.33,0.48,0.621548,0.7080561,0.39252853,0.67766535,0.5349663293361664,0.5312558698485084,3.0,0.5144746784730359,0,1,0,0,1,1,3,0,0,0,Level_1_Low_Confidence
ZINCqu000004xEMp,COC(=O)c1cc(S(=O)(=O)N2CCC[C@@H]2[C@@H](O)C(F)(F)F)c(F)cc1Br,0.2825,0.6254166666666666,0.26992562,0.8692029,0.5453925,0.6261631,0.5364334734943178,0.5311434413327111,4.0,0.491841278754364,0,0,1,1,1,1,4,0,0,1,Level_1_Low_Confidence
ZINCsR00000N6DIm,CSc1ccc(NC(=O)[C@H](C)C2CCN(Cc3ccc(O)cc3Br)CC2)cn1,0.2816666666666667,0.5425,0.4481243,0.8639448,0.15537152,0.94009024,0.5386162567800946,0.5310280368711368,3.0,0.4529950328888813,0,0,0,1,1,1,3,0,0,0,Level_1_Low_Confidence
ZINCtx00000ghMSw,COc1nscc1C(=O)N1CCN(C(=O)CCCC(C)C)[C@H](c2nccn2C)C1,0.395,0.51,0.8887103,0.80174255,0.08234346,0.52098465,0.5331301637490591,0.5307075277414728,4.0,0.4281238386776555,0,1,0,1,1,1,4,0,0,1,Level_1_Low_Confidence
ZINCrr00000kdKUo,CSc1cc(C(=O)N[C@@H]2CN(C(=O)[C@]34CC[C@H](C[C@H]3O)C4)C[C@@H]2F)c(C)o1,0.2,0.70375,0.39119965,0.9739189,0.014055886,0.96073407,0.5406097531380752,0.5306930449237742,3.0,0.299666720158513,0,0,0,1,1,1,3,0,0,0,Level_1_Low_Confidence
ZINCsV00001dq0jB,CCCNC(=O)[C@@H](c1cc(SC)ccc1Br)N1CCc2c(Cl)ccc(Cl)c2C1,0.355,0.56,0.64839655,0.8222534,0.7735728,0.01673137,0.529325688406825,0.5306032276951463,4.0,0.3333362739924292,0,1,1,1,1,0,4,0,0,1,Level_1_Low_Confidence
ZINCtn00000Vf9Ys,Cc1noc(Cl)c1CC(=O)N1CC[C@H](CN(C)C(=O)c2coc(S(C)(=O)=O)c2)C1,0.315,0.6725,0.41534695,0.8072679,0.027876465,0.99388176,0.5386455135419964,0.5304862271302134,3.0,0.35399788047848185,0,0,0,1,1,1,3,0,0,0,Level_1_Low_Confidence
ZINCoz00000J06Zk,Cn1nnnc1[C@@H](c1cc(Cl)ncc1Br)N1CCSC[C@H]1C1CC1,0.33,0.405,0.825786,0.9335982,0.630216,0.051977582,0.5294296332697074,0.5304063904063498,3.0,0.38730252829224465,0,1,1,0,1,0,3,0,0,0,Level_1_Low_Confidence
ZINCrK00000OaSI5,Clc1cccc([C@H](c2nnnn2C2CC2)N2CC[C@@H]2[C@@H]2CCCOC2)c1Br,0.21600000000000003,0.42,0.22509253,0.9296551,0.5560411,0.87963957,0.5377380487918854,0.5303963138321612,3.0,0.4584580532016852,0,0,1,0,1,1,3,0,0,0,Level_1_Low_Confidence
ZINCtS00000wYwkG,Cc1nc(NC(=O)[C@@H]2[C@H]3CN(C(=O)C=Cc4ccc(Cl)c(Cl)c4)C[C@H]32)ccc1Br,0.295,0.56,0.13966614,0.93232304,0.48749876,0.80814403,0.5371053286393483,0.5303321726271446,3.0,0.45153176978290727,0,0,0,1,1,1,3,0,0,0,Level_1_Low_Confidence
ZINCsz000005lhtW,C[C@@H]1CCN(C(=O)C=Cc2ccc(Cl)s2)CCN1C(=O)c1cc(O)cc(O)n1,0.315,0.655,0.7242504,0.4814878,0.046432115,0.9975046,0.5366124823192755,0.530225408036024,3.0,0.38647957056790805,0,1,0,1,0,1,3,0,0,0,Level_1_Low_Confidence
ZINCrw000008IdrL,CCn1nccc1C(=O)N1CC[C@@]12CCCN(S(=O)(=O)c1ccc(Cl)s1)C2,0.28,0.7170238095238095,0.09769375,0.9588594,0.18470669,0.9995678,0.5396419061673066,0.5300893546647414,3.0,0.38913595894229613,0,0,0,1,1,1,3,0,0,0,Level_1_Low_Confidence
ZINCth000015zWDh,CN(C)c1nc(Cl)c(C(=O)NC23CC(C2)N(C(=O)Cn2ccc([N+](=O)[O-])n2)C3)s1,0.29,0.5025,0.30504787,0.8090517,0.31878123,0.9999999,0.5375634449720382,0.5300115302183949,3.0,0.4748558975742711,0,0,0,1,1,1,3,0,0,0,Level_1_Low_Confidence
ZINCrC00000bDoGo,O=C(c1cc(Cl)ccc1O)N1CCCN(C(=O)C2CC3(C2)C[C@H]3F)CCC1,0.275,0.65,0.35339907,0.87662554,0.11902998,0.9563715,0.538404344767332,0.529971175244514,3.0,0.4298016607720058,0,0,0,1,1,1,3,0,0,0,Level_1_Low_Confidence
ZINCtK00000tIzkD,O=[N+]([O-])c1ccc(S(=O)(=O)Nc2nc(-c3cccc(F)n3)cs2)cc1C(F)(F)F,0.185,0.51425,0.025943473,0.83981144,0.66659343,0.99999535,0.5385989500880242,0.529901132759156,4.0,0.33373556502742285,0,0,1,1,1,1,4,0,0,1,Level_1_Low_Confidence
ZINCtG00000QWyy8,Cc1cc([N+](=O)[O-])ccc1CN(CCC1CCCC1)Cc1nnc2n1CCOC2,0.265,0.315,0.66698915,0.11842101,0.8315465,0.99988,0.5328061099350453,0.5296539257583043,3.0,0.4199101733207761,0,1,1,0,0,1,3,0,0,0,Level_1_Low_Confidence
ZINCsU00000N4QEz,CC1(CC(=O)Nc2ccc(Cl)c(O)c2)CN(C(=O)c2cc(F)c(Cl)c(Br)c2)C1,0.38,0.5075,0.37102002,0.8239056,0.14636692,0.9897214,0.5364189912875493,0.5296383050992979,3.0,0.45210751379524583,0,0,0,1,1,1,3,0,0,0,Level_1_Low_Confidence
ZINCtx00000LxN21,C[C@@H]1Cc2cc(CC(=O)N3CCO[C@H](CNc4cncc(Cl)n4)CC3)ccc2O1,0.305,0.55,0.39667055,0.6050308,0.42089888,0.9362356,0.5356393027305603,0.5295977543431816,3.0,0.5012705000589631,0,0,0,1,1,1,3,0,0,0,Level_1_Low_Confidence
ZINCos000008fPXj,CCSCC(=O)N[C@@H]1C[C@H]1CNC(=O)c1cc(Cl)ccc1[N+](=O)[O-],0.215,0.3675,0.13561535,0.8057162,0.6989666,0.9992975,0.5370159478982289,0.5295353754784198,3.0,0.4266348536262169,0,0,1,0,1,1,3,0,0,0,Level_1_Low_Confidence
ZINCsB00000vTfo8,N=c1ccc(Cl)c(CNS(=O)(=O)c2ccc(N[C@@H]3CC[C@H](C4CC4)C3)nc2)[nH]1,0.36,0.68375,0.34063908,0.9734678,0.8171431,0.0021298644,0.5295216430754711,0.5295124762003303,3.0,0.22842536678176148,0,0,1,1,1,0,3,0,0,0,Level_1_Low_Confidence
ZINCqk00000vUGND,Cc1[nH]nc(Cl)c1C(=O)N1CCN(C(=O)[C@H](C)c2ccco2)[C@H](CO)C1,0.345,0.54,0.16990547,0.77830786,0.64531016,0.72591066,0.5340723585089048,0.5293648312573737,4.0,0.475375962757519,0,0,1,1,1,1,4,0,0,1,Level_1_Low_Confidence
ZINCtk00001UG2WY,Oc1nc(O)c2c(n1)CN(c1nc(N[C@@H]3COC[C@H]3C3CC3)nc3ccsc13)C2,0.31,0.525,0.54925245,0.8792616,0.0025489416,0.9538252,0.5366480301273987,0.5291799093973129,4.0,0.2399974521691933,0,1,0,1,1,1,4,0,0,1,Level_1_Low_Confidence
ZINCtu00000EhjtA,CSCC[C@H](O)C(=O)N[C@H]1CCCN(CCCNc2ccc([N+](=O)[O-])c(C)c2)C1,0.23,0.265,0.8415208,0.0321898,0.82357645,0.999224,0.5319185075163841,0.5291770513234196,3.0,0.33280303047667376,0,1,1,0,0,1,3,0,0,0,Level_1_Low_Confidence
ZINCtz00000nexf8,Nc1ccc(C(=O)N2CCCO[C@H](CNC(=O)c3cc(C(F)F)cs3)C2)nc1Cl,0.215,0.555,0.8734917,0.6439753,0.033047467,0.89438,0.535815743803978,0.5291155063049167,4.0,0.3544758206365239,0,1,0,1,1,1,4,0,0,1,Level_1_Low_Confidence
ZINCqy00000E4k76,Cc1cc2occ(C(=O)N3CCc4cc(S(N)(=O)=O)ccc43)c2cc1C,0.295,0.455,0.6717531,0.3275742,0.5531781,0.89470685,0.5328687032063802,0.529058339299885,3.0,0.49448115959563343,0,1,1,0,0,1,3,0,0,0,Level_1_Low_Confidence
ZINCtl00001UG2Wu,O=C1NC(=O)C2(CCC(Nc3nccc(=NCc4ccc([N+](=O)[O-])o4)[nH]3)CC2)N1,0.36,0.22,0.63296217,0.02790722,0.9411712,0.9999027,0.5303238903358579,0.5289740734663626,3.0,0.331060717904876,0,1,1,0,0,1,3,0,0,0,Level_1_Low_Confidence
ZINCrC000005crk4,CC[C@H]1C[C@@H]1C(=O)NC1CCC2(CC1)CN(c1c(C)cncc1[N+](=O)[O-])C2,0.26,0.38,0.057061095,0.54509443,0.966238,0.99997026,0.5347273007283608,0.5289351567478044,3.0,0.37911706408602014,0,0,1,0,1,1,3,0,0,0,Level_1_Low_Confidence
ZINCrJ000007BY2c,CCN(C(=O)c1cc(C(C)C)no1)[C@H]1CCN(C(=O)c2c(Cl)nsc2Cl)C1,0.335,0.6041666666666666,0.5761815,0.68809795,0.032563634,0.9786889,0.5357831036216684,0.5289027137466074,4.0,0.3697981848702284,0,1,0,1,1,1,4,0,0,1,Level_1_Low_Confidence
ZINCtG00000QWyyb,Cc1cc([N+](=O)[O-])ccc1CN(C[C@@H]1C[C@]12CCOC2)CC(O)(C1CC1)C1CC1,0.25,0.41,0.13264251,0.63925153,0.7793447,0.9998432,0.5351803159713745,0.5286450411960588,3.0,0.43496732924461035,0,0,1,0,1,1,3,0,0,0,Level_1_Low_Confidence
ZINCtz000005Mi4f,CN(C(=O)c1cnc2sccn12)[C@H](CNC(=O)Cc1ccc(O)c(Cl)c1)C1CC1,0.2875,0.54,0.40900338,0.96719354,0.052975383,0.9646335,0.5368843046575785,0.5285758915765488,3.0,0.38263502760459595,0,0,0,1,1,1,3,0,0,0,Level_1_Low_Confidence
ZINCty000009kG3m,CSc1nc(Cl)c(C)c(N2CC([C@H](C)NC(=O)[C@]3([C@H]4CCCO4)CCCO3)C2)n1,0.22666666666666668,0.5941666666666666,0.4336348,0.9033798,0.12819114,0.93661976,0.5371098034911685,0.5285641417097537,3.0,0.43014871313652525,0,0,0,1,1,1,3,0,0,0,Level_1_Low_Confidence
ZINCtv00000lfpOi,CC1(C)[C@@H](CNC(=O)c2cc(F)cnc2O)CCN1C(=O)CCc1cc(Cl)no1,0.315,0.575,0.38722852,0.8144706,0.12766656,0.99835265,0.5362863862514495,0.5285426636536915,3.0,0.44024765013055056,0,0,0,1,1,1,3,0,0,0,Level_1_Low_Confidence
ZINCtr00000ec57P,COc1ccnc(C(=O)N[C@H]2CC[C@@H](CCNC(=O)c3cn4c(n3)SCC4)C2)c1,0.345,0.385,0.6396702,0.3567282,0.7211331,0.73325294,0.5301307408014934,0.5283831062807259,3.0,0.5021195198254716,0,1,1,0,0,1,3,0,0,0,Level_1_Low_Confidence
ZINCpG0000015Cdw,O=C(Cc1cccc([N+](=O)[O-])c1)N[C@@H]1C[C@]12CCc1cc(Br)ccc12,0.255,0.385,0.055798892,0.7228609,0.7924265,0.9999227,0.5351681639999152,0.5283646396468293,3.0,0.38262009220055904,0,0,1,0,1,1,3,0,0,0,Level_1_Low_Confidence
ZINCsv000005tTGe,Cc1ccc(C(=O)N2CCN(C(=O)c3cncc(O)c3)C[C@@](C)(F)C2)cc1F,0.33,0.65,0.3367095,0.76902765,0.2055618,0.92137986,0.5354464692870776,0.5283519620168293,3.0,0.4680953126011669,0,0,0,1,1,1,3,0,0,0,Level_1_Low_Confidence
ZINCtJ00000oBeoL,CO[C@H]1C[C@H](NC(=O)c2ccsc2C)CN(C(=O)c2cc3ccnc(Cl)c3s2)C1,0.265,0.6925,0.3517225,0.9118737,0.047820464,0.9547622,0.5372798151771228,0.5283467318741142,3.0,0.37286497114931993,0,0,0,1,1,1,3,0,0,0,Level_1_Low_Confidence
ZINCtx00000iw9rU,Cc1ccc(C(=O)N2CCN(C(=O)[C@@H]3CCO[C@H]3C3CC3)C[C@@H]2CF)c(F)c1F,0.363,0.56,0.123985834,0.95663327,0.51146245,0.68609005,0.533528601060311,0.5282729688815191,4.0,0.45140653960840177,0,0,1,1,1,1,4,0,0,1,Level_1_Low_Confidence
ZINCrE00000unwKk,Cc1ccc(CC(=O)N2CC[C@H]2CNC(=O)c2coc(C(C)C)n2)cc1Br,0.295,0.435,0.67706144,0.50373113,0.43637726,0.8475902,0.5324600058794021,0.5282323682054559,3.0,0.5029572011315636,0,1,0,0,1,1,3,0,0,0,Level_1_Low_Confidence
ZINCrj00001S4eQL,CCC1(CC)CCN1[C@@H](c1ccsc1S(N)(=O)=O)c1nnnn1C1COC1,0.315,0.53,0.3063102,0.78153825,0.47305208,0.79636896,0.5337115826209385,0.5281456349758391,3.0,0.49692048671456274,0,0,0,1,1,1,3,0,0,0,Level_1_Low_Confidence
ZINCtw00000zHqPA,Cc1nccnc1[C@@H](C)N=c1ccc(Br)c(S(=O)(=O)N2CC[S@](=O)C(C)(C)C2)[nH]1,0.285,0.6541666666666666,0.14184386,0.9749238,0.22085409,0.9442749,0.5368438837594456,0.5280449763398362,3.0,0.4185555060324603,0,0,0,1,1,1,3,0,0,0,Level_1_Low_Confidence
ZINCrE00000X5vWX,O=C(O)C[C@H](Cc1ccc(Br)cc1)NS(=O)(=O)c1cc(Br)nn1C1CCC1,0.225,0.8151666666666668,0.15632977,0.9704321,0.065460116,0.9993393,0.5386213222410944,0.5279887597162813,3.0,0.34942522093804634,0,0,0,1,1,1,3,0,0,0,Level_1_Low_Confidence
ZINCsz00000igsMA,O=C(c1cc2ccnc(Cl)c2s1)N1CCC[C@H]2CCN(C(=O)C3(O)CC3)C[C@H]21,0.26,0.5466666666666667,0.6951374,0.65887743,0.050946653,0.9994431,0.5351785412099627,0.5279041048845642,4.0,0.38613647329872314,0,1,0,1,1,1,4,0,0,1,Level_1_Low_Confidence
ZINCtJ00000oBhD5,O=C(NC[C@@H]1CCN(C(=O)CCc2ccc3c(c2)CCCO3)C1)c1ccsc1Cl,0.35,0.52,0.6379861,0.7064469,0.015694145,0.97544503,0.5342620311429104,0.5278772770277892,4.0,0.3284609667839786,0,1,0,1,1,1,4,0,0,1,Level_1_Low_Confidence
ZINCsR00001JM9oD,CC(C)c1nc(Cl)cc(=NCCOC2CCN(C(=O)c3cscc3Cl)CC2)[nH]1,0.335,0.5025,0.8353215,0.59327215,0.021598577,0.90832996,0.5326703627904256,0.5274257771728943,4.0,0.3432887301159079,0,1,0,1,1,1,4,0,0,1,Level_1_Low_Confidence
ZINCqR00000FxAl1,Cc1cnccc1CN(CCC1C[C@@H]2C[C@H]2C1)Cc1csc([N+](=O)[O-])c1,0.23,0.415,0.22859398,0.55443364,0.7732595,0.99995005,0.533539531826973,0.5272331257745728,3.0,0.4590207433734366,0,0,1,0,1,1,3,0,0,0,Level_1_Low_Confidence
ZINCrE00000X5vWm,O=C(OCC[C@H]1CCSC1)c1ccc2c(c1)S(=O)(=O)N=C1CCCCCN12,0.26,0.625,0.44616058,0.92731273,0.05644466,0.89753044,0.5354080687959989,0.5271950444431169,3.0,0.38788870986358753,0,0,0,1,1,1,3,0,0,0,Level_1_Low_Confidence
ZINCtE00000raUi8,CN1C(C(=O)N2CC[C@H]3CN(C(=O)[C@@H]4CC4(F)F)C[C@H]3C2)=CC2=CC(Cl)=CC=C21,0.28,0.505,0.5807183,0.8762724,0.55013585,0.38577664,0.52965052485466,0.5270001633961995,4.0,0.4980924784259198,0,1,1,1,1,0,4,0,0,1,Level_1_Low_Confidence
ZINCtK00000tIzk8,O=[N+]([O-])c1ccc(CN2CCC3(CC2)CCN3c2ncnc3c(Br)csc23)nc1,0.325,0.28,0.90981394,0.14379887,0.51677907,0.999995,0.5292311452825864,0.5266230082215992,3.0,0.4280639944662703,0,1,1,0,0,1,3,0,0,0,Level_1_Low_Confidence
ZINCtK00000tIzkj,O=[N+]([O-])c1ccc(CN2C[C@H](Nc3ncnc4ccc(I)cc34)CC(F)(F)C2)o1,0.315,0.2875,0.86527807,0.022497421,0.6823033,0.9997003,0.5287131839369734,0.5266188226111814,3.0,0.3260974152650188,0,1,1,0,0,1,3,0,0,0,Level_1_Low_Confidence
ZINCtt00000f1eiU,COc1ccc(Cl)c(C)c1C(=O)N1C[C@@H]2C[C@]2(NC(=O)CCc2cnn(C)c2)C1,0.315,0.56,0.16065207,0.9305059,0.5019107,0.7260952,0.5323606381813685,0.5264513561615707,4.0,0.46109173682868787,0,0,1,1,1,1,4,0,0,1,Level_1_Low_Confidence
ZINCtd00002pFzxp,CN1CCN(c2ccc(S(=O)(=O)NC3CCC(C(N)=O)CC3)c(Cl)c2)C[C@@H]1CO,0.255,0.7160238095238094,0.3776354,0.8830664,0.2594353,0.70762,0.53313015593612,0.5262833649220396,3.0,0.47285408563351705,0,0,0,1,1,1,3,0,0,0,Level_1_Low_Confidence
ZINCtA00000m8ueE,O=C([C@H]1COc2ccc(F)cc2C1)N1CCN(C(=O)c2csc(Cl)n2)[C@@H]2CC[C@@H]21,0.255,0.57,0.45659098,0.8558553,0.07093449,0.9991405,0.5345868761340777,0.526092642962087,3.0,0.39884527550650367,0,0,0,1,1,1,3,0,0,0,Level_1_Low_Confidence
ZINCrl000011lxa8,Cc1nc(Cl)cc(NC(=O)[C@@H]2CC23CN(S(=O)(=O)C2CCC(=O)CC2)C3)n1,0.26,0.69,0.30612504,0.6459245,0.31948504,0.9815498,0.5338473985592525,0.5260239190328205,3.0,0.4724737172337379,0,0,0,1,1,1,3,0,0,0,Level_1_Low_Confidence
ZINCtC00000jKqWx,C[C@@H]1C[C@H](NC(=O)c2noc3ccc(Cl)cc23)CN1C(=O)c1cc(Cl)cnc1O,0.23,0.6,0.4844336,0.88582194,0.010380583,0.9977579,0.5347323374077678,0.5257113059559929,3.0,0.291486054351246,0,0,0,1,1,1,3,0,0,0,Level_1_Low_Confidence
ZINCtl00000L7WsJ,CO[C@H](C(=O)N1C[C@@H](CNC(=O)c2cc([N+](=O)[O-])nn2C)CC1(C)C)C1CCC1,0.295,0.29,0.54047954,0.17493998,0.8723259,0.9996878,0.5287388673424721,0.5256434302676654,3.0,0.4379305553165559,0,1,1,0,0,1,3,0,0,0,Level_1_Low_Confidence
ZINCta00001T0qdF,O=C(Cn1cccnc1=O)N1CC2(C1)CN(C(=O)[C@H](O)c1ccc(Cl)cc1F)C2,0.26,0.5425,0.43829665,0.56708646,0.3897542,0.9968245,0.5324103021621704,0.5256400586611836,3.0,0.48868987179054435,0,0,0,1,1,1,3,0,0,0,Level_1_Low_Confidence
ZINCre00000Sk3pM,Cc1c(C(=O)N2CC(C)(NC(=O)CC3CN(C)C3)C2)ccc([N+](=O)[O-])c1O,0.235,0.43,0.20957687,0.6849959,0.6357614,0.9999958,0.5325549954175949,0.5255077658773313,3.0,0.4579414930267267,0,0,1,0,1,1,3,0,0,0,Level_1_Low_Confidence
ZINCsp00001214r0,CC(C)c1sc(Cl)nc1C(=O)NCC[C@]1(O)CCCN(C(=O)C2CN(C)C2)C1,0.235,0.59,0.43671978,0.82534176,0.12555012,0.9915181,0.5340216229359309,0.525467562546544,3.0,0.42885688585239684,0,0,0,1,1,1,3,0,0,0,Level_1_Low_Confidence
ZINCtC00000uKC7v,CCO[C@@H]1CCCCC[C@H]1NS(=O)(=O)c1nc(N2C[C@@H]3CC[C@H](C2)O3)ccc1Br,0.205,0.7104166666666666,0.28079644,0.9006827,0.52013934,0.5726576,0.5316154524352815,0.525441882429957,4.0,0.47138329551655994,0,0,1,1,1,1,4,0,0,1,Level_1_Low_Confidence
ZINCtI00000YgIza,Cc1ccc(S(=O)(=O)N[C@@H]2C[C@H]3CC[C@H]2CN3C(=O)c2cc(Cl)cc(C)c2C)o1,0.22,0.7104166666666667,0.3194622,0.9385578,0.040715527,0.98202187,0.5351956792092986,0.5253625864819149,3.0,0.35111516924371466,0,0,0,1,1,1,3,0,0,0,Level_1_Low_Confidence
ZINCtO00000LOzAH,CSc1ccccc1C(=O)N1CCN(C(=O)c2scc3c2CCCC3)C2(CC2)C1,0.39,0.565,0.49021143,0.90769964,0.048050016,0.7848231,0.530964034597079,0.525278870775133,3.0,0.3932336395456479,0,0,0,1,1,1,3,0,0,0,Level_1_Low_Confidence
ZINCsl00000jhXpv,Cn1ncc(C#N)c1NC(=O)[C@@H]1C[C@H]2C[C@H]2N1C(=O)c1cc(O)c(O)c(Cl)c1,0.27,0.5416666666666666,0.27401686,0.9102164,0.21917026,0.98687696,0.5336578561531172,0.5252569865602692,3.0,0.446180315460997,0,0,0,1,1,1,3,0,0,0,Level_1_Low_Confidence
ZINCtz00000nexOR,Nc1ccc(C(=O)N2CCC[C@](F)(CNC(=O)C3([C@H]4CCCO4)CC3)C2)c(Cl)c1,0.23,0.495,0.6090769,0.90552324,0.0686972,0.8889344,0.5328719551364581,0.5252495959866131,3.0,0.39562669198758,0,1,0,0,1,1,3,0,0,0,Level_1_Low_Confidence
ZINCts000005CUPJ,Cc1cc(C(=O)N2CC[C@]3(C2)CN(C(=O)c2ccc([N+](=O)[O-])o2)C[C@@H](C)O3)co1,0.265,0.355,0.5524881,0.1433252,0.8552816,0.99994254,0.528506235977014,0.5249625189253624,3.0,0.43056029313112587,0,1,1,0,0,1,3,0,0,0,Level_1_Low_Confidence
ZINCrs000003h7Ku,C[C@H]1CN(C(=O)CCCn2ccccc2=O)CCN1C(=O)c1ccc(Cl)o1,0.285,0.735,0.3470631,0.9148355,0.03968283,0.8782772,0.5333097702016433,0.5249480098031514,3.0,0.36379186544604997,0,0,0,1,1,1,3,0,0,0,Level_1_Low_Confidence
ZINCtD000004jJ96,CC(=O)c1cnc(Cl)nc1N1CC[C@]2(CCN(C(=O)Cc3ccc(C)cc3)C2)C1,0.33,0.495,0.66580904,0.8399362,0.003928768,0.8512248,0.5309831300284714,0.524910370763061,3.0,0.25951908027780857,0,1,0,0,1,1,3,0,0,0,Level_1_Low_Confidence
ZINCrS00000EankZ,Cc1cc(NCC(C)(C)c2cccc(Br)c2C)ccc1N1CCOCC1=O,0.325,0.405,0.51985437,0.3629845,0.6847553,0.87066627,0.5280434109767278,0.5247383927368948,3.0,0.4955443754820985,0,1,1,0,0,1,3,0,0,0,Level_1_Low_Confidence
ZINCtB00000qkWeC,COC[C@@H]1CCCCN1C(=O)C1CN(S(=O)(=O)c2cc(C(F)(F)F)ccc2Br)C1,0.225,0.6291666666666668,0.314956,0.57288504,0.4601979,0.9902443,0.5320749895440208,0.5245573814597253,3.0,0.47605679197562983,0,0,0,1,1,1,3,0,0,0,Level_1_Low_Confidence
ZINCtv00000xrC6K,O=C(C#CC1CCOCC1)N1CC[C@@H]2C[C@@]2(C(=O)Nc2ccc(F)c(O)c2)CC1,0.3,0.585,0.24506754,0.8674767,0.20252956,0.9965299,0.5327672800421714,0.52453416830259,3.0,0.4427241843264041,0,0,0,1,1,1,3,0,0,0,Level_1_Low_Confidence
ZINCqQ00000DJR8Y,Cc1cc(-c2ccc(OCC3CC3)cc2Cl)ccc1N1CCCS1(=O)=O,0.3316666666666667,0.665,0.65262914,0.92386323,0.26434362,0.32642987,0.5273220881488588,0.5245269249037929,3.0,0.4749261217301976,0,1,0,1,1,0,3,0,0,0,Level_1_Low_Confidence
ZINCqk00001zawem,Cc1nc(Cl)ccc1S(=O)(=O)N1CC[C@@]1(C)C(=O)N1CCC[C@H](CO)C1,0.31,0.6866666666666668,0.29746357,0.9440459,0.019099128,0.94136,0.5331058763878214,0.5245060493256324,3.0,0.32004961044401875,0,0,0,1,1,1,3,0,0,0,Level_1_Low_Confidence
ZINCoz00000m0mwp,Cc1nc(C2C[C@@H]3CC[C@H](C2)N3c2nccc([N+](=O)[O-])c2C)no1,0.23,0.33,0.7796369,0.2728649,0.559847,0.99991477,0.5287105983495712,0.524302957303135,3.0,0.4564070725066908,0,1,1,0,0,1,3,0,0,0,Level_1_Low_Confidence
ZINCrT000012pCLx,CCCc1ccc(-c2nc(Cc3cc(OC)ccc3Br)no2)cc1[N+](=O)[O-],0.23,0.39,0.14050005,0.60833704,0.81571496,0.9998971,0.5307415293653807,0.5242520880487793,3.0,0.42922448682557957,0,0,1,0,1,1,3,0,0,0,Level_1_Low_Confidence
ZINCsr00000cElWl,C[C@@H](Cc1ccco1)C(=O)N1CC[C@H]2CN(C(=O)c3c[nH]ccc3=O)C[C@H]2C1,0.325,0.535,0.24686974,0.81832254,0.37689337,0.88201374,0.5306832319498063,0.5241922021250351,3.0,0.4763072897631161,0,0,0,1,1,1,3,0,0,0,Level_1_Low_Confidence
ZINCrt00000ui4Tg,Cc1ncnc(C)c1NC(=O)[C@H]1C[C@H]1NCc1c(F)ccc([N+](=O)[O-])c1F,0.1975,0.325,0.013127547,0.72362864,0.9279506,0.9997869,0.5311656201630831,0.5241260275350395,3.0,0.2875833131317197,0,0,1,0,1,1,3,0,0,0,Level_1_Low_Confidence
ZINCsp00000FeIWt,COc1cc(C(=O)N2CC[C@H]3CN(C(=O)[C@@H]4C[C@H]4c4cccs4)C[C@H]32)n(C)n1,0.255,0.625,0.1701586,0.9539541,0.2908553,0.89955926,0.5324212072292963,0.523972398000406,3.0,0.43492868497513193,0,0,0,1,1,1,3,0,0,0,Level_1_Low_Confidence
ZINCsN00000N6DIM,CSc1ccc(NC(=O)N2CC[C@]3(C[C@H]3C(=O)N=c3cc[nH]cc3Cl)C2)cc1,0.27,0.62,0.2374054,0.9863197,0.33051115,0.7412861,0.5309203961491585,0.5238461560645001,3.0,0.4610407266609927,0,0,0,1,1,1,3,0,0,0,Level_1_Low_Confidence
ZINCqo00001zawer,Cc1nc(Cl)ccc1S(=O)(=O)N1CCC[C@H](C(=O)Nc2ccncn2)C1,0.275,0.7066666666666666,0.4006208,0.92454207,0.16036388,0.7174077,0.5307668517695533,0.5238146093100238,3.0,0.4497936738037801,0,0,0,1,1,1,3,0,0,0,Level_1_Low_Confidence
ZINCtM00000NhyiU,COc1cc(-c2cnc3ccc(C(=O)N4CC[C@H](C)C(F)(F)C4)cn23)ccc1F,0.24,0.555,0.22659229,0.762638,0.51715183,0.883275,0.5307761775453885,0.5237112239700682,4.0,0.46805507780967925,0,0,1,1,1,1,4,0,0,1,Level_1_Low_Confidence
ZINCsm00000Pk2Z9,Cc1cc(C)n(CC(=O)N2C[C@@H]3CC[C@H](C2)N3C(=O)c2ccoc2Cl)c(=O)n1,0.32,0.595,0.41539326,0.89114743,0.015518808,0.9522341,0.5315489324989419,0.5236937530922656,3.0,0.31838041092370967,0,0,0,1,1,1,3,0,0,0,Level_1_Low_Confidence
ZINCto00000cO6JT,Cc1nc[nH]c1C(=O)N1CC[C@@H]2[C@@H](CCCN2C(=O)c2cc(N)c(Cl)c(O)n2)C1,0.265,0.5775,0.38381392,0.91445243,0.054427113,0.999639,0.532472073212266,0.5236879966127956,3.0,0.3781142374665865,0,0,0,1,1,1,3,0,0,0,Level_1_Low_Confidence
ZINCro00001eSYdg,Cn1ccc2ccc(CN(CC3(F)CC3)C(=O)[C@@H]3CC(=O)CC(=O)N3)cc21,0.29,0.48,0.6388684,0.6799408,0.2313044,0.85458606,0.5291166138648987,0.5235704121817933,3.0,0.4781640386525673,0,1,0,0,1,1,3,0,0,0,Level_1_Low_Confidence
ZINCqo00000MkQpI,O=C(CN1CCCCC1=O)NC1CN(C(=O)c2cc3scc(Cl)c3[nH]2)C1,0.225,0.525,0.36779732,0.26861912,0.79648685,0.99076396,0.5289445420106252,0.523561539675327,3.0,0.45783186762967315,0,0,1,1,0,1,3,0,0,0,Level_1_Low_Confidence
ZINCrP000012uU8w,C[C@@H](Cc1cnco1)C(=O)N(Cc1ccncc1Cl)CC12CCC(CC1)C2,0.2775,0.56,0.019935891,0.6583048,0.83456093,0.824492,0.5291322683294615,0.5234317622677231,4.0,0.3346003285432135,0,0,1,1,1,1,4,0,0,1,Level_1_Low_Confidence
ZINCtm00001v84Ou,C[C@@H](C(=O)N1C[C@@H]2[C@H](C1)[C@@H]2NC(=O)c1cc(S(=O)(=O)O)ccc1O)c1cccs1,0.255,0.565,0.5749523,0.94997275,0.0045553413,0.8343372,0.5306362615556767,0.5230869871212817,4.0,0.2586022814586901,0,1,0,1,1,1,4,0,0,1,Level_1_Low_Confidence
ZINCsH000003uxex,Cc1nc(C2CC2)oc1C(=O)N(C)[C@H](CNc1ccc([N+](=O)[O-])cc1)C1CC1,0.195,0.35,0.7332411,0.622557,0.27670312,0.9999332,0.5295723946889241,0.5228970297262179,3.0,0.4528130469688824,0,1,0,0,1,1,3,0,0,0,Level_1_Low_Confidence
ZINCti00001rXSGk,C[C@H]1[C@@H](O)CCCN1C(=O)[C@@H]1C[C@H]2C[C@@H]2N1C(=O)c1ccc(F)c(S(C)(=O)=O)c1,0.2,0.7375,0.06619629,0.9795024,0.5015758,0.69937265,0.5306911915540695,0.522776780356752,4.0,0.38691247939478607,0,0,1,1,1,1,4,0,0,1,Level_1_Low_Confidence
ZINCpR00000Nc3XI,C[C@H]1CC[C@@H](C)N1S(=O)(=O)c1ccc(NCc2sncc2Br)cc1Cl,0.38,0.5116666666666666,0.787012,0.76183313,0.6810772,0.0018751206,0.5205773469746217,0.5226936351199002,4.0,0.23021815800968484,0,1,1,1,1,0,4,0,0,1,Level_1_Low_Confidence
ZINCtz00000neyoc,Nc1ccc(C(=O)N2CCOC3(C2)CN(C(=O)c2sc4sccc4c2Cl)C3)nc1,0.25,0.645,0.39169258,0.8700832,0.033288352,0.99998957,0.5316756188372771,0.5226239460252278,3.0,0.3497160818189061,0,0,0,1,1,1,3,0,0,0,Level_1_Low_Confidence
ZINCtg00001NWrFi,CC(C)(C)[C@@H]1CN(C(=O)Cn2ccc([N+](=O)[O-])n2)CCN1C(=O)CC1(CO)CC1,0.335,0.32,0.321769,0.50030077,0.6859368,0.9999019,0.5271514105796814,0.5225015791003585,3.0,0.4773848235741357,0,0,1,0,1,1,3,0,0,0,Level_1_Low_Confidence
ZINCth000015zZTU,CN(C)c1ncc(C(=O)N2C[C@@H](O)C[C@H](NC(=O)c3nn(C)cc3Cl)C2)cc1Cl,0.26,0.5675,0.22462568,0.8649264,0.27831912,0.9895851,0.5308260494470597,0.5223858904289015,3.0,0.44623365942569637,0,0,0,1,1,1,3,0,0,0,Level_1_Low_Confidence
ZINCtx00000y3zq5,Cc1nc(CC(=O)N2CCC(C3CN(C(=O)c4c(Br)ccnc4Cl)C3)CC2)no1,0.325,0.53,0.6410521,0.6632998,0.016511442,0.9979863,0.5289749474450945,0.5222887956963996,4.0,0.3262961923513858,0,1,0,1,1,1,4,0,0,1,Level_1_Low_Confidence
ZINCtl000017ZU9O,CC[C@@H](C(=O)N1CC2(CC(NC(=O)c3ccnc(Cl)c3O)C2)C1)N1CCCC1=O,0.285,0.67,0.26622957,0.95069325,0.021790085,0.99488306,0.5314326609050234,0.5221721987288893,3.0,0.3186944902502524,0,0,0,1,1,1,3,0,0,0,Level_1_Low_Confidence
ZINCrt00000ui4Tv,Cc1nc(N(C)[C@@H]2CCN(C(=O)c3ccc(Cl)c(O)c3)C2)c2c[nH]nc2n1,0.26,0.54,0.5441536,0.8409223,0.0044771316,0.99242663,0.5303299387761702,0.5221332661013601,4.0,0.2566002779165994,0,1,0,1,1,1,4,0,0,1,Level_1_Low_Confidence
ZINCrC00000bDqB6,O=C(c1cc(Cl)ns1)N1CCC2(CC1)CCN(C(=O)c1ccccc1O)C2,0.295,0.7066666666666667,0.13010892,0.94549984,0.11066042,0.9999845,0.5313200580742624,0.5219344164054162,3.0,0.3762690152837698,0,0,0,1,1,1,3,0,0,0,Level_1_Low_Confidence
ZINCtj000010mYGj,CC(C)[C@@H]1[C@@H](NC(=O)[C@@H]2CCN(C)S2(=O)=O)CCN1C(=O)c1cc(Cl)ccc1N,0.26,0.6488333333333333,0.69151926,0.63857484,0.06997885,0.8617819,0.5284480292730861,0.521886956742751,4.0,0.4062073617770733,0,1,0,1,1,1,4,0,0,1,Level_1_Low_Confidence
ZINCsN00000gCt7s,O=Cc1ccc(C(=O)N2C[C@H]3CCCN(C(=O)c4cc(I)ccc4Br)[C@H]3C2)s1,0.325,0.55,0.60484594,0.6067793,0.086864844,0.99672943,0.5283699159820875,0.5218827369999378,4.0,0.422399907822207,0,1,0,1,1,1,4,0,0,1,Level_1_Low_Confidence
ZINCth000015zXMN,CN(C)c1nc(O)cc(C(=O)N2CCN(C(=O)c3ncc(Cl)cc3F)[C@H]3C[C@H]32)n1,0.24,0.585,0.4610786,0.8945901,0.013096526,0.9908006,0.530760973195235,0.5218811710392858,3.0,0.30152136606104124,0,0,0,1,1,1,3,0,0,0,Level_1_Low_Confidence
ZINCrj00001S55tb,C[C@H](NC(=O)c1nn(C)c2c1CCCC2)[C@H](C)NS(=O)(=O)c1csc(F)n1,0.3425,0.6591666666666666,0.39127663,0.8288166,0.031462595,0.92261153,0.5293056694335407,0.5218789351634663,3.0,0.3585655784345676,0,0,0,1,1,1,3,0,0,0,Level_1_Low_Confidence
ZINCrF00000vLd3U,Cc1c(Cl)cccc1S(=O)(=O)N1CCN(Cc2cc(Br)ncc2F)[C@@H]2C[C@H]21,0.265,0.65,0.29635945,0.9650129,0.20818461,0.79203504,0.5294320026040077,0.5218014613322332,3.0,0.44835019209961907,0,0,0,1,1,1,3,0,0,0,Level_1_Low_Confidence
ZINCtQ00000wYwk8,Cc1nc(NC(=O)[C@@H]2CCN(S(=O)(=O)c3cc(F)c(Br)cc3F)C2)c(Br)cc1Br,0.3,0.6704166666666665,0.19362554,0.9005439,0.24895214,0.8626274,0.5293609428074625,0.5216484375090181,3.0,0.4427366246457941,0,0,0,1,1,1,3,0,0,0,Level_1_Low_Confidence
ZINCtE00000oJ3Q0,Cn1[nH]c(=NC(=O)C[C@@H]2COCCN2S(=O)(=O)c2cc(Cl)c(Cl)cc2Cl)cc1Cl,0.195,0.7345238095238096,0.35905287,0.9257361,0.0120573575,0.96234024,0.5314517331138134,0.5214716419922323,3.0,0.2864471333632947,0,0,0,1,1,1,3,0,0,0,Level_1_Low_Confidence
ZINCtM000007reNd,Cc1ccc2oc(N3CCC[C@@H]3C3(NC(=O)c4nc(Cl)ccc4F)CC3)nc2c1,0.29,0.52,0.38000104,0.8849462,0.29816228,0.793251,0.5277267541488012,0.5214063070175495,3.0,0.4784402636089472,0,0,0,1,1,1,3,0,0,0,Level_1_Low_Confidence
ZINCrk00000yYlnf,O=C(NCC1[C@@H]2CN(C(=O)c3cc(CCCO)on3)C[C@@H]12)c1nc(Cl)cs1,0.325,0.475,0.5397958,0.8469127,0.009079385,0.9755571,0.5285574952450891,0.5213816331329603,3.0,0.2924101008868703,0,1,0,0,1,1,3,0,0,0,Level_1_Low_Confidence
ZINCsm00000dITLL,C#CCOCCC(=O)N[C@H]1CCOC2(CCN(c3ncc(Br)c(O)n3)CC2)C1,0.275,0.45,0.19021025,0.7609506,0.5035963,0.9913064,0.5285106013218562,0.5213415878884335,3.0,0.4555866723919393,0,0,1,0,1,1,3,0,0,0,Level_1_Low_Confidence
ZINCqq00000epEdM,C[C@H](CNC(=O)c1cc([N+](=O)[O-])ncc1Br)NC(=O)C12CC3C[C@H]1[C@H]2C3,0.20666666666666664,0.43,0.2028275,0.64520717,0.68635315,0.9993368,0.5283985429671075,0.521273400621493,3.0,0.44699644375446534,0,0,1,0,1,1,3,0,0,0,Level_1_Low_Confidence
ZINCtc00000o6C25,NS(=O)(=O)CCC(=O)N[C@@H]1CCOC2(CCN(C(=O)c3cc(Cl)ccn3)CC2)C1,0.34,0.5291666666666667,0.6149118,0.13111323,0.54999065,0.9838958,0.5248463541931576,0.5212093847898445,4.0,0.4457991038696368,0,1,1,1,0,1,4,0,0,1,Level_1_Low_Confidence
ZINCtu000003bqoB,Cc1ccc(F)cc1C(=O)N1CCN([C@@H]2CCN(C(=O)c3coc(Cl)n3)C2)CC1,0.38,0.52,0.59420735,0.6923159,0.42277873,0.52957064,0.5231454312801361,0.5209363438389825,4.0,0.5128744277103281,0,1,0,1,1,1,4,0,0,1,Level_1_Low_Confidence
ZINCrC00000bDpiD,O=C(c1cc(Cl)cnc1O)N1CC[C@H]2C[C@H]1CN2C(=O)C1CCCCCC1,0.265,0.595,0.3903818,0.9117636,0.029858503,0.98620665,0.5297017626216014,0.5209285075349588,3.0,0.34384425494946796,0,0,0,1,1,1,3,0,0,0,Level_1_Low_Confidence
ZINCtc000031F6ta,CCc1nocc1S(=O)(=O)N1CCN(C(=O)C2=NO[C@H](C(C)(C)C)C2)C[C@H](O)C1,0.315,0.61,0.08567364,0.92253584,0.6009803,0.622371,0.5260934623579184,0.5208134919003391,4.0,0.422405992680616,0,0,1,1,1,1,4,0,0,1,Level_1_Low_Confidence
ZINCsl00000jhZZ8,Cn1ncnc1C(=O)N1CCC[C@]12CCCN(C(=O)c1cc(C3CC3)on1)C2,0.265,0.53,0.67147017,0.87905174,0.109613895,0.7020414,0.5261961988608043,0.5204245964538121,4.0,0.430657358321294,0,1,0,1,1,1,4,0,0,1,Level_1_Low_Confidence
ZINCtt00000f1elC,COc1ccc(Cl)c(C)c1C(=O)N1C[C@H]2[C@@H](C1)OCCN2C(=O)c1cccn1C,0.255,0.685,0.2997903,0.92727417,0.013457876,0.9991534,0.5299459519733986,0.5204106371606707,3.0,0.2945399386700773,0,0,0,1,1,1,3,0,0,0,Level_1_Low_Confidence
ZINCrw000008IdLR,CCn1nccc1N(C1CC2(CCNCC2)C1)S(=O)(=O)c1cccnc1Cl,0.25,0.6816666666666665,0.37424484,0.9691236,0.82550126,0.028969342,0.5215842854272988,0.5203117483091622,3.0,0.3375078704000247,0,0,1,1,1,0,3,0,0,0,Level_1_Low_Confidence
ZINCtL000004yiZd,Cc1ncc(C(=O)N2CCC(N=c3[nH]c4cc(Br)cnc4s3)CC2)c(C2CC2)n1,0.28,0.505,0.47831953,0.9361289,0.0028779076,0.9677756,0.5283503218227997,0.5202081889007241,3.0,0.2368058612200906,0,0,0,1,1,1,3,0,0,0,Level_1_Low_Confidence
ZINCsN00000gCqNw,O=C(c1cnc2ccccc2c1)C1CCN(c2cc([N+](=O)[O-])cc(Br)n2)CC1,0.22,0.325,0.5644124,0.080663465,0.9522909,0.9998811,0.5237079768876235,0.5202077049524226,3.0,0.3818413086618167,0,1,1,0,0,1,3,0,0,0,Level_1_Low_Confidence
ZINCsO00001JHYDi,CC1(C)C[C@H]1CCC(=O)N[C@H]1CCCCCN(c2ccc(F)cc2[N+](=O)[O-])C1,0.195,0.385,0.077301994,0.6800566,0.8271204,0.9997916,0.5273784352342288,0.5201889759703731,3.0,0.3851396394602761,0,0,1,0,1,1,3,0,0,0,Level_1_Low_Confidence
ZINCsp00001chVWj,Cc1[nH]nc(C(=O)N[C@H]2CO[C@H]3CN(C(=O)c4csnc4C4CC4)C[C@@H]23)c1Cl,0.355,0.60875,0.2570997,0.9541063,0.014501971,0.980992,0.5284083249482016,0.5201670513011462,3.0,0.3017007269556232,0,0,0,1,1,1,3,0,0,0,Level_1_Low_Confidence
ZINCnh00000K8e2v,COc1nccc(NC(=O)C[C@H]2CCN(C(C)=O)C2)c1[N+](=O)[O-],0.32,0.36,0.3340461,0.5569034,0.5818271,0.9998763,0.5254421569903691,0.5201275526124535,3.0,0.4815371886801574,0,0,1,0,1,1,3,0,0,0,Level_1_Low_Confidence
ZINCtC00000uKoqv,CCCn1nnnc1[C@@](CF)(Nc1cc([N+](=O)[O-])ccc1CC)C1CCOCC1,0.265,0.26,0.52925,0.26435143,0.83032167,0.993605,0.5237546900908152,0.520078180605638,3.0,0.4467730688976818,0,1,1,0,0,1,3,0,0,0,Level_1_Low_Confidence
ZINCtp00000jiL11,Cn1nccc1C(F)(F)C(=O)NC[C@]1(F)C[C@H](N=c2[nH]c(Cl)ncc2[N+](=O)[O-])C1,0.27,0.37,0.6021423,0.51468664,0.39710167,0.9998534,0.52563066025575,0.5200463580577932,3.0,0.4804050778575299,0,1,0,0,1,1,3,0,0,0,Level_1_Low_Confidence
ZINCsH00000hBLbT,CCCOc1ccnc(N2CCCN(C(=O)c3ccc(F)c(C)c3Cl)CC2)n1,0.4,0.5,0.7298503,0.5502251,0.5929432,0.34375462,0.5194621970256169,0.5199007189020197,3.0,0.5038999309254809,0,1,1,0,1,0,3,0,0,0,Level_1_Low_Confidence
ZINCrO00000rRLCC,O=C(Cc1ccccc1[N+](=O)[O-])Nc1cc(-c2cc(F)c(O)cc2F)cs1,0.22,0.40416666666666673,0.019090148,0.5307121,0.9828442,0.9999891,0.5261337013832397,0.5198433015768551,3.0,0.30987644671946696,0,0,1,0,1,1,3,0,0,0,Level_1_Low_Confidence
ZINCtu00000Eg0DK,Cc1cc(N2C[C@H](C)O[C@]3(CCN(C(=O)C#CC(C)C)C3)C2)nc(C)c1[N+](=O)[O-],0.265,0.42,0.7550652,0.61222214,0.10501471,0.99995595,0.5262096669276556,0.5198015309859675,3.0,0.418893167789813,0,1,0,0,1,1,3,0,0,0,Level_1_Low_Confidence
ZINCtu00000Eg0Dn,Cc1cc(N2C[C@H](CCO)O[C@H](C)C2)nc(=NCc2ccc([N+](=O)[O-])cc2F)[nH]1,0.215,0.365,0.52151686,0.47642145,0.5760677,0.9997274,0.5256222365299861,0.5197815023500022,3.0,0.47321410776106454,0,1,1,0,0,1,3,0,0,0,Level_1_Low_Confidence
ZINCoI00000lBm36,O=C(c1scnc1Cl)N(C[C@@H]1CCC[C@H]1O)C[C@@H]1CC[C@@H]2C[C@@H]2C1,0.28,0.51,0.12937912,0.910851,0.5527029,0.773777,0.5261183394988378,0.5197801657834796,4.0,0.43939780852720545,0,0,1,1,1,1,4,0,0,1,Level_1_Low_Confidence
ZINCpF00000qYquH,COc1nc(Cl)ccc1CC(=O)N1CC[C@H](C(C)(C)C)n2nccc21,0.305,0.555,0.4627593,0.84043175,0.007681641,0.9943545,0.527537860541294,0.5196161630342826,3.0,0.2819946970399444,0,0,0,1,1,1,3,0,0,0,Level_1_Low_Confidence
ZINCta000031F6tg,CCc1nocc1S(=O)(=O)NC[C@@]12C[C@@H](CO1)N(C(=O)c1ccc([N+](=O)[O-])[nH]1)C2,0.215,0.535,0.09652795,0.7623024,0.55782413,0.9999743,0.5277714654803276,0.519526511062967,4.0,0.4095841339456354,0,0,1,1,1,1,4,0,0,1,Level_1_Low_Confidence
ZINCsV00001JHYE6,CC1(C)C[C@@H]1CC(=O)N1CCC[C@H](N=c2[nH]c(-c3cccc(Cl)c3Br)cs2)C1,0.32,0.525,0.2754368,0.88965285,0.20991781,0.94171,0.5269529076417286,0.5195224189800572,3.0,0.4484902911964747,0,0,0,1,1,1,3,0,0,0,Level_1_Low_Confidence
ZINCtG00000QWyye,Cc1cc([N+](=O)[O-])ccc1C(=O)NC1CCN(c2ncc3scc(C)c3n2)CC1,0.23,0.35,0.7151191,0.08625084,0.7564941,0.99984825,0.5229520527521769,0.5193699902359475,3.0,0.39425711704821953,0,1,1,0,0,1,3,0,0,0,Level_1_Low_Confidence
ZINCtx00000ghMxN,COc1nscc1C(=O)N1CCC[C@H](NC(=O)c2cc3ccccn3c2)[C@H](F)C1,0.27,0.5454166666666667,0.672478,0.68594766,0.019395187,0.9649721,0.5263682682977783,0.5192570130826452,4.0,0.32913822920209607,0,1,0,1,1,1,4,0,0,1,Level_1_Low_Confidence
ZINCoy00000m0mwB,Cc1nc(C2CCN(c3noc4ccc([N+](=O)[O-])cc34)CC2)no1,0.215,0.335,0.82918805,0.1023398,0.65638584,0.9998885,0.5229670273760955,0.5192459914828023,3.0,0.39861037938882954,0,1,1,0,0,1,3,0,0,0,Level_1_Low_Confidence
ZINCth000015zUPI,CN(C)c1nc(C(=O)NCCN2CCC(NC(=O)c3snc(O)c3Cl)CC2)co1,0.365,0.5879166666666668,0.45030665,0.73203903,0.025782982,0.99642164,0.5262444953413473,0.5192240942310075,3.0,0.3493316394744493,0,0,0,1,1,1,3,0,0,0,Level_1_Low_Confidence
ZINCpB00000t8KeJ,CC[C@@H]1C[C@H]1CC(=O)N1CCN(C(=O)Cc2cnc(Cl)c(Br)c2)CC1,0.36,0.51,0.51553726,0.90901965,0.7892563,0.02557404,0.5182312042266131,0.5191611014539045,4.0,0.34670004473317706,0,1,1,1,1,0,4,0,0,1,Level_1_Low_Confidence
ZINCtz00000DDZCT,NC(=O)Nc1ccc(N[C@H](c2ccnc(Cl)c2F)c2nnnn2CC2CC2)cc1,0.3375,0.405,0.6290157,0.8551589,0.8730779,0.004656405,0.5174014905653894,0.519153522694523,3.0,0.25857715149882565,0,1,1,0,1,0,3,0,0,0,Level_1_Low_Confidence
ZINCsQ00001JHYDo,CC1(C)C[C@H]1CCC(=O)N[C@@H]1CCC[C@H](CNc2ccc([N+](=O)[O-])cc2F)C1,0.24,0.365,0.07324895,0.5251809,0.94685847,0.9998682,0.525026084780693,0.5191400353663356,3.0,0.3836840181425755,0,0,1,0,1,1,3,0,0,0,Level_1_Low_Confidence
ZINCpH00000qYqtN,COc1nc(C)c(S(=O)(=O)N(c2cc(F)cc(F)c2)C2CC2)cc1Br,0.2575,0.6495833333333334,0.3217504,0.91091084,0.6853335,0.30888128,0.5223265589608087,0.5191272034487262,3.0,0.4670357270567723,0,0,1,1,1,0,3,0,0,0,Level_1_Low_Confidence
ZINCqo00001zawen,Cc1nc(Cl)ccc1S(=O)(=O)N1CC[C@]2(C[C@@H]2C(=O)Nc2cnc[nH]2)C1,0.285,0.76625,0.14261717,0.9901632,0.036410898,0.95097023,0.528568583925565,0.518945036962734,3.0,0.31970446951120457,0,0,0,1,1,1,3,0,0,0,Level_1_Low_Confidence
ZINCrk00001S4eQJ,C#Cc1ccc(Cl)c(C(=O)N[C@@H]2CCCN(S(=O)(=O)[C@@H]3[C@@H]4COC[C@@H]43)C2)c1,0.275,0.7,0.333049,0.8272678,0.077135086,0.9513099,0.5272936383883159,0.5187837143210654,3.0,0.3966065043925841,0,0,0,1,1,1,3,0,0,0,Level_1_Low_Confidence
ZINCsp00000CWFM0,CCOc1nc(C(=O)N2CCN(C(=O)c3cccc(Cl)c3C)C[C@H]2CO)co1,0.325,0.485,0.5558181,0.6715968,0.24128743,0.86598533,0.524114610850811,0.5187422114187943,3.0,0.48041726343275243,0,1,0,0,1,1,3,0,0,0,Level_1_Low_Confidence
ZINCtG00000QWyyq,Cc1cc([N+](=O)[O-])nn1CC(=O)N1CCc2nc(-c3cccc(Br)c3)sc2CC1,0.28,0.485,0.06586824,0.56074905,0.7570109,0.99996346,0.5247652728358905,0.5184027294656063,3.0,0.39497697157917305,0,0,1,0,1,1,3,0,0,0,Level_1_Low_Confidence
ZINCtx00000ghMaP,COc1nscc1C(=O)N1CCC[C@@H](N(C)C(=O)c2ccc3nc(C)[nH]c3c2)C1,0.34,0.44,0.73167115,0.75800145,0.0044048717,0.86778194,0.5236432350116472,0.5181626424198666,3.0,0.26114210804168303,0,1,0,0,1,1,3,0,0,0,Level_1_Low_Confidence
ZINCsB00000vTfo6,N=c1ccc(Cl)c(CNc2ccc(S(=O)(=O)NC[C@@H]3CCC[C@@H]3O)c(Br)c2)[nH]1,0.325,0.60475,0.33048287,0.90147626,0.6301605,0.33229104,0.5206934469540915,0.5181562590463786,3.0,0.4801998829788133,0,0,1,1,1,0,3,0,0,0,Level_1_Low_Confidence
ZINCtz00000neykv,Nc1ccc(C(=O)N2CCN(C(=O)c3csc4cccnc34)[C@@H]3C[C@@H]32)c(O)c1Cl,0.225,0.7025,0.2449134,0.992035,0.005823948,0.99999434,0.5283777760745337,0.5181148140907867,3.0,0.24637533825403823,0,0,0,1,1,1,3,0,0,0,Level_1_Low_Confidence
ZINCtt000000y0Te,C=CCn1ccnc1C(=O)N1CC[C@H](C)N(C(=O)c2cc(N)c(Cl)c(O)c2)CC1,0.41,0.615,0.46119785,0.8885915,0.044973012,0.7195581,0.5232200854768355,0.5180441232575169,3.0,0.3867031518994524,0,0,0,1,1,1,3,0,0,0,Level_1_Low_Confidence
ZINCtA00000kQogK,C[C@H](NC(=O)c1c(Cl)nc2ccccn12)C(C)(C)NC(=O)c1cc(=O)cc(Cl)[nH]1,0.17666666666666664,0.55,0.18264085,0.8382769,0.42730677,0.98694426,0.5269725782341427,0.5180109041027425,3.0,0.4294598050003538,0,0,0,1,1,1,3,0,0,0,Level_1_Low_Confidence
ZINCtM0000163KJh,CC(C)CC[C@H]1CCCN(S(=O)(=O)c2[nH]c(=N[C@H](CO)CC3CC3)ccc2Br)C1,0.285,0.685,0.21825194,0.9667441,0.8763384,0.085372016,0.5194510844349861,0.5179610376366486,3.0,0.38147441329015874,0,0,1,1,1,0,3,0,0,0,Level_1_Low_Confidence
ZINCta00001QvJJJ,CCN(C(=O)CNS(C)(=O)=O)c1ccc(-c2cnn3c2CNCC3)cc1[N+](=O)[O-],0.205,0.535,0.27087975,0.20591399,0.9231378,0.9999166,0.5233080222209295,0.5178869615548045,3.0,0.42198795713085796,0,0,1,1,0,1,3,0,0,0,Level_1_Low_Confidence
ZINCtF00000UeFIB,CC(C)c1ncc(CN(C[C@@]2(F)CCCOC2)C(=O)c2cc(O)cc(F)c2)n1C,0.2075,0.595,0.45994774,0.90013856,0.0021414836,0.99800694,0.5271224525850267,0.5177692380459015,3.0,0.2186419732269255,0,0,0,1,1,1,3,0,0,0,Level_1_Low_Confidence
ZINCqw00000Fh4rb,C[C@H]1CC[C@@H](CCN(Cc2cc([N+](=O)[O-])sn2)C(=O)c2cn(C)nn2)C1,0.33,0.375,0.53125674,0.10813247,0.7796104,0.9998983,0.5206496519843737,0.5176798003256743,3.0,0.4206683816725737,0,1,1,0,0,1,3,0,0,0,Level_1_Low_Confidence
ZINCph00000fHFT1,O=C(N[C@@H]1CCN(c2cc(O)nc(O)n2)C[C@H]1F)c1nc(Cl)sc1Cl,0.21,0.5175,0.8163477,0.6723504,0.0053522172,0.92689747,0.5247413013844441,0.5176391947846727,4.0,0.2581433778423776,0,1,0,1,1,1,4,0,0,1,Level_1_Low_Confidence
ZINCtm00000nB5WN,CN(C)c1ccc(CN2CCN(c3ncnc4c3cnn4C)CC2)cc1[N+](=O)[O-],0.28,0.26,0.75248957,0.130294,0.7007914,0.99972546,0.5205500735839208,0.5176312579140595,3.0,0.4135274072778587,0,1,1,0,0,1,3,0,0,0,Level_1_Low_Confidence
ZINCtD000004jJck,CC(=O)c1cnc(Cl)nc1N1C[C@@]23CCCC[C@]2(CN(C(=O)c2cncs2)C3)C1,0.28,0.555,0.4988708,0.8206779,0.004947716,0.9945714,0.5256779616915931,0.5176179948293254,3.0,0.26058060536931843,0,0,0,1,1,1,3,0,0,0,Level_1_Low_Confidence
ZINCtv000006OiGk,C[C@H]1C[C@@H](NC(=O)c2ccc(O)cn2)CCN1C(=O)c1c(Cl)nc2ccccn12,0.21,0.505,0.09785704,0.65593714,0.80149215,0.8742296,0.5240859904885292,0.5175976060341435,4.0,0.4102812103216784,0,0,1,1,1,1,4,0,0,1,Level_1_Low_Confidence
ZINCsq00000fVMzS,O=C(c1cn[nH]c1)N1CC[C@@]2(C1)CN(C(=O)c1c(Cl)ccc(F)c1F)CCO2,0.358,0.57,0.19517331,0.74779147,0.31066725,0.9647427,0.5243957906762758,0.5175860099166842,3.0,0.4554537670349195,0,0,0,1,1,1,3,0,0,0,Level_1_Low_Confidence
ZINCto000016zBjw,COCCOc1cncc(C(=O)NC2CN(C(=O)c3ccc(Cl)c(C#N)c3)C2)c1,0.28,0.555,0.5454702,0.5643387,0.37708932,0.81437975,0.5227129892508189,0.5175824227654342,4.0,0.4948863875001666,0,1,0,1,1,1,4,0,0,1,Level_1_Low_Confidence
ZINCrp00001r2KQj,COCc1cc(S(=O)(=O)N2CC(CCNC(=O)Cc3ccsc3Cl)C2)on1,0.275,0.7041666666666667,0.20580569,0.9333315,0.043688104,0.9996199,0.5269353083438344,0.5174069742291248,3.0,0.3428598175259482,0,0,0,1,1,1,3,0,0,0,Level_1_Low_Confidence
ZINCtx00000ghMih,COc1nscc1C(=O)N1CCC[C@@H]1[C@@H]1CCCCN1C(=O)CCc1ccon1,0.29,0.54875,0.5093748,0.804223,0.020289164,0.97738725,0.5250040353089571,0.5172986568272748,4.0,0.3300549239139599,0,1,0,1,1,1,4,0,0,1,Level_1_Low_Confidence
ZINCtO0000163KJ4,CC(C)CC[C@@H]1CCCN(S(=O)(=O)c2ccc(NCC3=CCCOC3)c(F)c2)C1,0.25,0.6291666666666667,0.57385665,0.72561806,0.92151964,0.0003926136,0.5167589389288979,0.5172629002182955,4.0,0.16947846737167507,0,1,1,1,1,0,4,0,0,1,Level_1_Low_Confidence
ZINCsB000008BvRl,CCOCCCCCC(=O)N1CC(C2CN(C(=O)c3cc(Cl)ccc3O)C2)C1,0.305,0.625,0.48306736,0.7776423,0.055073537,0.900675,0.5244097014764945,0.5172468525562303,3.0,0.3906127532315803,0,0,0,1,1,1,3,0,0,0,Level_1_Low_Confidence
ZINCsm00000PjXMW,Cc1cc(C)n(CC(=O)N2CC3(CCN(C(=O)c4ccnc(Cl)c4O)C3)C2)n1,0.275,0.67,0.2976518,0.9091126,0.008391445,0.9986066,0.5264604061655701,0.5172465622269198,3.0,0.2734182338710267,0,0,0,1,1,1,3,0,0,0,Level_1_Low_Confidence
ZINCtt00000tnuAU,Cc1c([N+](=O)[O-])ccc(F)c1C(=O)NCC1(O)CN(Cc2cc(Cl)ccc2O)C1,0.2525,0.425,0.64619714,0.20110326,0.60339785,0.9999989,0.5213661947846413,0.5169555333066493,3.0,0.45099627590261976,0,1,1,0,0,1,3,0,0,0,Level_1_Low_Confidence
ZINCsi00001CDoP7,CN1CC[C@@H](NS(=O)(=O)c2ccc(NCCCOCCOCCO)cc2Br)C1,0.31,0.6404166666666667,0.7927237,0.8038131,0.51678216,0.036036413,0.5166286765949594,0.5168714118757709,4.0,0.3647749898584118,0,1,1,1,1,0,4,0,0,1,Level_1_Low_Confidence
ZINCsp00001FmmC5,C=CCCn1nnnc1[C@H](c1nn(C)cc1Cl)N1C[C@@H](C(=O)OC)CC1(C)C,0.365,0.445,0.19296046,0.64254713,0.8003283,0.67328644,0.5198537231485049,0.516866224881605,3.0,0.4705246404613631,0,0,1,0,1,1,3,0,0,0,Level_1_Low_Confidence
ZINCtF00000OiQiS,Cc1cc(=NCCc2nccn2C)[nH]c(N[C@H](C)c2ccc(C)c([N+](=O)[O-])c2)n1,0.315,0.215,0.78949004,0.012896868,0.79508543,0.9831341,0.5184344055938225,0.5168142686147533,3.0,0.28527765009362815,0,1,1,0,0,1,3,0,0,0,Level_1_Low_Confidence
ZINCs9000019ri6c,CCC[C@@H](O)CC(=O)N1CCN(C(=O)c2cc([N+](=O)[O-])ccc2N)C[C@@H]1CO,0.24,0.27,0.58524495,0.18818839,0.8396933,0.9994226,0.5204248767097791,0.5167916659598655,3.0,0.4261500675984289,0,1,1,0,0,1,3,0,0,0,Level_1_Low_Confidence
ZINCtv0000036MzE,Cc1cc2cc(C(=O)N3CC4(C3)CN(C(=O)[C@H]3[C@H]5C(=O)CC[C@H]53)C4)oc2cc1C,0.27,0.475,0.5338314,0.5711419,0.40156955,0.88177824,0.5222201836109162,0.5167875593435679,3.0,0.4900280552551549,0,1,0,0,1,1,3,0,0,0,Level_1_Low_Confidence
ZINCqm00000E8zAC,Cn1c(S)nnc1C(=O)N1C[C@@H]2CCC[C@]2(NC(=O)c2csnc2Cl)C1,0.285,0.6254166666666667,0.19258597,0.95590395,0.1309746,0.9635212,0.5255670628613895,0.5167316621725159,3.0,0.400728531356592,0,0,0,1,1,1,3,0,0,0,Level_1_Low_Confidence
ZINCt900000fZqxD,C[C@H](O)[C@@H]1C[C@@H]1C(=O)N1CC[C@@H](C)N(C(=O)c2cc3c(cnn3C)nc2O)CC1,0.265,0.475,0.67314696,0.9068131,0.0013067096,0.8190987,0.5233942448021844,0.5166999671558671,3.0,0.20853569937136837,0,1,0,0,1,1,3,0,0,0,Level_1_Low_Confidence
ZINCtU00000wYwkj,Cc1nc(NC(=O)[C@@H]2[C@@H]3C[C@@H]2N(C(=O)c2cc(Br)cc(Br)c2O)C3)c(Cl)cc1Cl,0.27,0.6175,0.15620081,0.97398335,0.13860168,0.99966353,0.525991561015447,0.5166532350727852,3.0,0.38992071851245863,0,0,0,1,1,1,3,0,0,0,Level_1_Low_Confidence
ZINCsG000008yKle,COc1cc(C)c(C(=O)N2CC[C@H]3[C@@H]2CCN3C(=O)c2ccc(Cl)o2)c(C)c1,0.175,0.68,0.4357954,0.8859282,0.016767649,0.96466476,0.5263593360657494,0.5166289271572803,3.0,0.3009627776486282,0,0,0,1,1,1,3,0,0,0,Level_1_Low_Confidence
ZINCsL00001JM9pt,CC(C)c1nc(Cl)cc(=N[C@H]2C[C@@H]3CC[C@H](C2)N3C(=O)c2cccnc2S)[nH]1,0.285,0.595,0.47909087,0.8987924,0.009247955,0.87730145,0.5240721108267704,0.5164507463246795,3.0,0.2898048236427366,0,0,0,1,1,1,3,0,0,0,Level_1_Low_Confidence
ZINCsN00000gCpTP,O=C(c1ccoc1Cl)N1CCC[C@@]2(CCCN2C(=O)[C@@H]2CCC(F)(F)C2)CC1,0.325,0.525,0.20623267,0.7105936,0.71721727,0.6373046,0.5202246864636739,0.5164180244537109,4.0,0.47460961527807316,0,0,1,1,1,1,4,0,0,1,Level_1_Low_Confidence
ZINCrH00000yfzvj,CO[C@H]1CCN([C@H](C(=O)N[C@H]2CCOC2)c2ccc(Br)cc2Cl)[C@H]1C(C)C,0.31,0.565,0.46536654,0.7133634,0.9937126,0.044846445,0.5153815001249313,0.5164151227833531,3.0,0.3706103057136101,0,0,1,1,1,0,3,0,0,0,Level_1_Low_Confidence
ZINCtA00000m8uLo,O=C([C@H]1CSc2ccccc2O1)N1CCN(C(=O)c2cc(Cl)no2)C2(CCC2)C1,0.355,0.6225,0.20072408,0.95496756,0.015420556,0.99973285,0.524724174439907,0.5161998471689034,3.0,0.2945483767194958,0,0,0,1,1,1,3,0,0,0,Level_1_Low_Confidence
ZINCr8000015chXz,O=C(NCC1(O)CN(C(=O)c2ccoc2)C1)c1cc([N+](=O)[O-])c(O)cc1O,0.2375,0.34,0.5736664,0.11450659,0.8528646,0.9999991,0.5197561183571816,0.5161081073744922,3.0,0.4066792562186866,0,1,1,0,0,1,3,0,0,0,Level_1_Low_Confidence
ZINCrk000000oG8Z,COc1ncccc1S(=O)(=O)N1CCN(C(=O)Cc2ccccc2C)CC1,0.375,0.49,0.75552857,0.61757356,0.08829186,0.794623,0.5201695011556149,0.5160918046903948,3.0,0.4264565516464645,0,1,0,0,1,1,3,0,0,0,Level_1_Low_Confidence
ZINCpv000009jy1y,Cc1nscc1C(=O)N[C@H]1CCN(C(=O)c2cc(F)cc(Cl)c2O)C1,0.2825,0.6029166666666668,0.43073425,0.8101964,0.04672581,0.97111255,0.5240309453672833,0.5159844603673082,3.0,0.37309289257115213,0,0,0,1,1,1,3,0,0,0,Level_1_Low_Confidence
ZINCts00000IEYwr,Cc1nc(C)c(Cl)c(N[C@@H]2CN(C(=O)c3n[nH]c4c3CC(C)(C)C4)CC[C@H]2O)n1,0.395,0.5475,0.57877326,0.60393584,0.0105259875,0.99530727,0.5218403920096656,0.5159453502474418,4.0,0.3041702610355291,0,1,0,1,1,1,4,0,0,1,Level_1_Low_Confidence
ZINCqz0000007BJK,CNS(=O)(=O)c1ccc(Br)c(C(=O)N2CCO[C@@H](c3ccc(C)s3)C2)c1,0.245,0.7116666666666666,0.28144395,0.8883388,0.03619688,0.9895487,0.5253658312724696,0.5158435445065757,3.0,0.3406070201272436,0,0,0,1,1,1,3,0,0,0,Level_1_Low_Confidence
ZINCtT0000088S6g,O=C(N[C@H]1CCN(C(=O)c2cc(Cl)sc2Cl)C[C@@H]1F)c1cc2cccc(F)c2o1,0.30333333333333334,0.5016666666666667,0.92553675,0.57709634,0.017078072,0.7976279,0.5203898487488429,0.5158057624235501,4.0,0.3216395358527975,0,1,0,1,1,1,4,0,0,1,Level_1_Low_Confidence
ZINCrr000007vpkM,C[C@H](NC(=O)c1csc2nccn12)[C@]1(O)CCN(c2nc(Cl)c(C#N)s2)C1,0.2966666666666667,0.6025,0.62196594,0.63053626,0.061572976,0.9197197,0.5221602570182747,0.5156329286116093,4.0,0.3979159535092113,0,1,0,1,1,1,4,0,0,1,Level_1_Low_Confidence
ZINCrD00000FrdgT,Cc1cocc1C(=O)N(Cc1ccn(C)c(=O)c1)C[C@]12CCC[C@H]1C2(F)F,0.235,0.585,0.4462954,0.8721252,0.033830415,0.9737168,0.5243279716124137,0.515606355780194,3.0,0.3475581659907105,0,0,0,1,1,1,3,0,0,0,Level_1_Low_Confidence
ZINCrk000000oGvF,COc1nscc1NC(=O)CN1CCN(S(=O)(=O)c2ccc(C)cc2)CC1,0.3,0.64,0.40383685,0.7844327,0.06355307,0.94747806,0.5232167806724707,0.5154660832194994,3.0,0.3926100654091386,0,0,0,1,1,1,3,0,0,0,Level_1_Low_Confidence
ZINCrr000007voXr,C[C@H](NC(=O)c1csc(Cl)c1)[C@@]1(O)CCN(C(=O)Cc2c(Cl)cnn2C)C1,0.285,0.5625,0.68459564,0.6348752,0.022546194,0.9427265,0.5220405850311121,0.5153942730621243,4.0,0.33761738720141,0,1,0,1,1,1,4,0,0,1,Level_1_Low_Confidence
ZINCsD000001soTf,CCOc1cc(N2CCCC[C@H]2CNC(=O)c2coc3c2CSC3)nc(C)n1,0.18,0.405,0.51946473,0.26150957,0.8065592,0.9485376,0.5201785153150559,0.5153537886320276,3.0,0.4431767781057785,0,1,1,0,0,1,3,0,0,0,Level_1_Low_Confidence
ZINCro00001eTOo6,O=C(N[C@@H]1CCCN(S(=O)(=O)c2cc(F)cnc2O)CC1)c1cc(Cl)c[nH]1,0.275,0.7379166666666666,0.2301755,0.9092116,0.008145955,0.98687685,0.5245544230917262,0.5150625003687597,3.0,0.2643695958583982,0,0,0,1,1,1,3,0,0,0,Level_1_Low_Confidence
ZINCtL000016524W,CC(C)NC(=O)[C@@H](c1cc2nccc(Cl)c2s1)N1CCC[C@H](c2nccn2C)C1,0.27,0.55,0.8055257,0.67451537,0.0093073165,0.8154344,0.5207971332408489,0.5149887378386995,4.0,0.2914082685672315,0,1,0,1,1,1,4,0,0,1,Level_1_Low_Confidence
ZINCtC00000j8umI,COc1cc(Cl)c(F)c(C(=O)N2CCN(C(=O)c3nc(C)oc3C)[C@H]3CC[C@H]32)c1,0.203,0.66,0.37829742,0.906772,0.006966714,0.99292755,0.5246606168200573,0.514905311792217,3.0,0.2612479144211634,0,0,0,1,1,1,3,0,0,0,Level_1_Low_Confidence
ZINCsp00000CWFHN,CCOc1nc(C(=O)N2CCN(C(=O)c3ccc(CO)c(Cl)c3)[C@@H]3C[C@H]32)co1,0.205,0.59,0.40049455,0.9584596,0.032283336,0.9592173,0.524242467880249,0.5148967044367223,3.0,0.3359530732592325,0,0,0,1,1,1,3,0,0,0,Level_1_Low_Confidence
ZINCsk00001OV8OS,CSCCNC(=O)[C@H](c1cc(Cl)cc2c1CCC2)N1CCN(CCO)C(=O)C1,0.25,0.57,0.71337384,0.73293483,0.61365616,0.21546036,0.5159041992823282,0.5147682497095554,4.0,0.4630007002627635,0,1,1,1,1,0,4,0,0,1,Level_1_Low_Confidence
ZINCt7000031F6te,CCc1nocc1S(=O)(=O)Nc1cc2n(n1)CCN(C(=O)[C@H](COC)N(C)C)C2,0.285,0.625,0.49407727,0.71263796,0.019262893,0.99955374,0.5225886432205638,0.5146983097181886,3.0,0.3263267888186569,0,0,0,1,1,1,3,0,0,0,Level_1_Low_Confidence
ZINCsD00000loJiE,Cc1nnc(CCN[C@@H](c2ccc(F)cc2Cl)c2nnnn2CCC2CC2)s1,0.3,0.38,0.92881805,0.8265941,0.6413113,0.0009911762,0.512952437576993,0.5146421098261609,3.0,0.19538501897796384,0,1,1,0,1,0,3,0,0,0,Level_1_Low_Confidence
ZINCrK00000OaSIJ,Clc1ccc(CCN[C@@]2(c3nnnn3CCCC3CC3)CCCSC2)cc1,0.325,0.445,0.74628377,0.77536005,0.78431785,0.0006197093,0.5127635629680783,0.5146029330237853,3.0,0.18544785690511295,0,1,1,0,1,0,3,0,0,0,Level_1_Low_Confidence
ZINCtF00000KNi4j,CCC(C)(C)[C@@H](OC)C(=O)NC1(C)CCN(C(=O)c2cc([N+](=O)[O-])c(C)s2)CC1,0.23,0.345,0.55430233,0.15178628,0.82996565,0.99968755,0.5184569701552392,0.5145065041340834,3.0,0.4206379264726726,0,1,1,0,0,1,3,0,0,0,Level_1_Low_Confidence
ZINCso00000u4f5P,CCc1nn(C)c(Cl)c1C(=O)NCCCNC(=O)c1cccc([N+](=O)[O-])c1O,0.195,0.435,0.15392059,0.5778049,0.76717657,0.9995682,0.5214117177327474,0.5144386845615738,3.0,0.42369330341794825,0,0,1,0,1,1,3,0,0,0,Level_1_Low_Confidence
ZINCpG0000015ALD,O=C(Cc1ccc(O)c(Cl)c1)N1CC2(CCOCC2)c2ccccc21,0.28,0.645,0.3011223,0.8874728,0.025149023,0.99991345,0.5231095988924305,0.5141409208260952,3.0,0.3266002734758083,0,0,0,1,1,1,3,0,0,0,Level_1_Low_Confidence
ZINCsL00000N6DHT,CSc1ccc(NC(=O)[C@H]2CN(C(=O)c3cc(C)c(Br)s3)CC[C@H]2O)cc1F,0.17,0.649,0.23492764,0.9622291,0.13526572,0.994971,0.5243989020983378,0.5140936633509101,3.0,0.38694632800231943,0,0,0,1,1,1,3,0,0,0,Level_1_Low_Confidence
ZINCso000006nkPe,CC1(C)CN(C(=O)[C@H](O)c2cccnc2)C[C@@H]1Nc1ncnc(Cl)c1[N+](=O)[O-],0.285,0.5916666666666667,0.4815429,0.54301196,0.22389236,0.999991,0.5208508126603233,0.5140176792657685,3.0,0.46316274202842417,0,0,0,1,1,1,3,0,0,0,Level_1_Low_Confidence
ZINCso00001tFtoE,O=C(CCN1C(=O)CCC1=O)NC[C@]1(CNC(=O)c2ccsc2Cl)CC1(F)F,0.29,0.6325,0.51670194,0.91303575,0.008960352,0.7640309,0.5208714855276048,0.513989334745293,4.0,0.28980357068773327,0,1,0,1,1,1,4,0,0,1,Level_1_Low_Confidence
ZINCtH000004DmXP,C[C@H]1CC[C@H](NC(=O)c2cnc(Cl)c(Cl)c2)CN1C(=O)c1coc(CC2CC2)n1,0.355,0.505,0.68314296,0.9133996,0.50590765,0.120713145,0.5138605560859044,0.5138594906444245,4.0,0.43559844903020367,0,1,1,1,1,0,4,0,0,1,Level_1_Low_Confidence
ZINCtp000013MA5c,O=C(Cc1cnc(C2CC2)[nH]1)N[C@@]12CCOC[C@H]1CN(C(=O)c1nc(Cl)cs1)C2,0.285,0.4725,0.59231937,0.77240115,0.017335717,0.9870473,0.5211005924393733,0.5137985708834009,3.0,0.3190221826762446,0,1,0,0,1,1,3,0,0,0,Level_1_Low_Confidence
ZINCsL00001JHYDW,CC1(C)C[C@@H]1CC(=O)N1CCC(CF)(CNc2ccc(F)cc2[N+](=O)[O-])CC1,0.235,0.405,0.09321472,0.68012756,0.7113415,0.9999583,0.5207736764351527,0.5137603089699508,3.0,0.403128000598676,0,0,1,0,1,1,3,0,0,0,Level_1_Low_Confidence
ZINCsN00000gCpiQ,O=C(c1cccs1)N1CCC[C@]2(CCCN(C(=O)c3cc(Br)ccc3O)C2)C1,0.25,0.745,0.15811665,0.95708555,0.03304166,0.9999553,0.5238665266086658,0.5137373875208358,3.0,0.3124960381981717,0,0,0,1,1,1,3,0,0,0,Level_1_Low_Confidence
ZINCtx00000ghMSd,COc1nscc1C(=O)N1CCN(C(=O)CCC(C)(C)C)C[C@@H]1c1ccnn1C,0.375,0.53,0.7690393,0.8294775,0.037565924,0.56150603,0.5170981199045976,0.513714473552949,4.0,0.3725644917248962,0,1,0,1,1,1,4,0,0,1,Level_1_Low_Confidence
ZINCmA000009ZhTV,O=C(c1sccc1Cl)N1CCN(c2nccc(Br)n2)[C@@H]2C[C@@H]21,0.205,0.51,0.36047295,0.9578021,0.1230033,0.9807435,0.522836981366078,0.5137144597413691,3.0,0.40410179986594014,0,0,0,1,1,1,3,0,0,0,Level_1_Low_Confidence
ZINCty000003gLCl,C[C@H]1CCc2n[nH]cc2[C@@H]1C(=O)N1CCN(C(=O)c2cc(O)cc(Cl)c2)C[C@@H]1C,0.32,0.5175,0.42183638,0.76167405,0.13860527,0.96370625,0.520553657412529,0.513580733765947,3.0,0.4384798643932252,0,0,0,1,1,1,3,0,0,0,Level_1_Low_Confidence
ZINCte00000YynFq,O=C(NC[C@H]1[C@@H]2C[C@H]1CN2C(=O)c1cc2c(s1)CCS(=O)(=O)C2)c1cnccn1,0.19,0.53,0.17926331,0.57371026,0.6538718,0.9987196,0.5209274865190188,0.513428954913261,4.0,0.43486882493964873,0,0,1,1,1,1,4,0,0,1,Level_1_Low_Confidence
ZINCte00000YqZ2E,O=C(CCN1C(=O)c2ccccc2S1(=O)=O)N1CC(NC(=O)C2(F)CCCC2)C1,0.185,0.7617738095238096,0.20380327,0.9747799,0.020702831,0.9992268,0.5242144374104719,0.5133358750400592,3.0,0.2887142486565544,0,0,0,1,1,1,3,0,0,0,Level_1_Low_Confidence
ZINCtA00000xgVFy,COC[C@](C)(CO)CNS(=O)(=O)c1nc(N2CCC(CC(C)C)CC2)ccc1Br,0.31,0.6616666666666666,0.38410932,0.8846869,0.0733556,0.80855507,0.5203955898351139,0.5132866107057735,3.0,0.400618847187576,0,0,0,1,1,1,3,0,0,0,Level_1_Low_Confidence
ZINCpq00000eUUsi,O=C(Cc1cc[nH]c1)NCCCNC(=O)c1ccc([N+](=O)[O-])c(Cl)c1,0.215,0.39,0.041877687,0.5511074,0.9203867,0.9998656,0.5197062261899312,0.51327109948012,3.0,0.3481547495537224,0,0,1,0,1,1,3,0,0,0,Level_1_Low_Confidence
ZINCrJ000007BY2e,CCN(C(=O)c1cc(C(C)C)no1)[C@H]1CCN(C(=O)c2nc(Cl)sc2Cl)C1,0.26,0.55,0.7346134,0.6645047,0.029564971,0.8793875,0.5196784324074785,0.513255759502979,4.0,0.3492543175436694,0,1,0,1,1,1,4,0,0,1,Level_1_Low_Confidence
ZINCtK00000472Qw,O=C(N[C@@H]1CCC[C@H]2CN(C(=O)c3ccc(F)c(O)c3F)C[C@@H]21)c1cc(Cl)cs1,0.298,0.5675,0.43758065,0.78901637,0.039886046,0.99449265,0.5210792845537265,0.5132325815721184,3.0,0.36374034013075884,0,0,0,1,1,1,3,0,0,0,Level_1_Low_Confidence
ZINCqo00001zawew,Cc1nc(Cl)ccc1S(=O)(=O)N1CC[C@@H](N(C)C(=O)[C@H]2CC[C@@H](C)O2)C1,0.235,0.7391666666666667,0.37848192,0.8393755,0.35864797,0.5633481,0.5190033623245027,0.5132172851754137,3.0,0.4726534314008303,0,0,0,1,1,1,3,0,0,0,Level_1_Low_Confidence
ZINCt400001T0qdD,O=C(Cn1cccnc1=O)N1CC2(C1)CN(C(=O)[C@]13COC[C@H]1C3(F)F)CCO2,0.215,0.67,0.19793926,0.9637813,0.09405813,0.99874634,0.5232541713615259,0.5131822687873603,3.0,0.3703785921141772,0,0,0,1,1,1,3,0,0,0,Level_1_Low_Confidence
ZINCtG000000c9us,C=CCC1(C(=O)NC[C@H]2CC(C)(C)CN2C(=O)c2ccc([N+](=O)[O-])c(C)c2)CC1,0.215,0.375,0.13636966,0.50428456,0.8850365,0.9998912,0.519263661801815,0.5131524395435413,3.0,0.41222043603362324,0,0,1,0,1,1,3,0,0,0,Level_1_Low_Confidence
ZINCtM00000NhyiT,COc1cc(-c2cnc3ccc(C(=O)N4CCC(C(F)F)CC4)cn23)ccc1F,0.2575,0.565,0.38936323,0.8111825,0.12737447,0.97698987,0.5212350106239318,0.5130814956096892,3.0,0.42287493074591453,0,0,0,1,1,1,3,0,0,0,Level_1_Low_Confidence
ZINCtJ00000xQw9N,CN([C@@H]1CCN(Cc2cc(Cl)cc(Cl)c2)C1)S(=O)(=O)Cc1ccc([N+](=O)[O-])cc1,0.235,0.5216666666666667,0.5521104,0.09515551,0.7013739,0.99998647,0.5175488154755699,0.5129918874465544,4.0,0.40657819407588797,0,1,1,1,0,1,4,0,0,1,Level_1_Low_Confidence
ZINCtv000006OhKx,C[C@H]1C[C@@H](NC(=O)c2cc3cnn(C)c3s2)CCN1C(=O)CCC(C)(C)[N+](=O)[O-],0.24,0.31,0.6744288,0.13682261,0.7376541,0.9999075,0.5164688358704249,0.5128496937422041,3.0,0.4143938022517812,0,1,1,0,0,1,3,0,0,0,Level_1_Low_Confidence
ZINCrd000015Rvpt,CO[C@H]1CN(C(=O)C(=O)N2CCN(c3nc(C)c(Br)s3)CC2)[C@@H]2COC[C@@H]21,0.26,0.665,0.30686244,0.92414445,0.014496603,0.95955276,0.5216760430795451,0.5125711827497955,3.0,0.29668957274119423,0,0,0,1,1,1,3,0,0,0,Level_1_Low_Confidence
ZINCto00000xFKLq,CCC(CC)CC(=O)N1CC[C@H](C)[C@H](NC(=O)COc2nn(C)cc2[N+](=O)[O-])C1,0.28,0.31,0.61120236,0.17702208,0.71832085,0.99953514,0.5160134056210518,0.512533505263058,3.0,0.4346517735792419,0,1,1,0,0,1,3,0,0,0,Level_1_Low_Confidence
ZINCth00001rXTyh,CCN(C(=O)[C@@H]1C[C@@H]1NCc1ccc(Cl)cc1[N+](=O)[O-])C1(C(N)=O)CCNCC1,0.245,0.45,0.064754575,0.7148361,0.6447949,0.9996421,0.519837941924731,0.5124821073355826,3.0,0.3856443231038238,0,0,1,0,1,1,3,0,0,0,Level_1_Low_Confidence
ZINCsg00001CDoP1,CN1CC[C@H](NS(=O)(=O)c2ccc(N3CCN4C(=O)CCC[C@@H]4C3)c(F)c2)C1,0.28,0.6604166666666668,0.6913285,0.8441297,0.16017075,0.46349987,0.5165909160839187,0.5124568838951999,3.0,0.4473187354383179,0,1,0,1,1,0,3,0,0,0,Level_1_Low_Confidence
ZINCsp00000FeIgh,COc1cc(C(=O)N2CC[C@H]3CCN(C(=O)Cc4c(C)noc4Cl)[C@@H]3C2)on1,0.245,0.635,0.32175955,0.8825053,0.046506304,0.9992094,0.5216634262849887,0.5124549441641949,3.0,0.3564999610800743,0,0,0,1,1,1,3,0,0,0,Level_1_Low_Confidence
ZINCtV00000x0bCC,O=C(c1cc(Cl)cc(Cl)c1Cl)N1CCN(Cc2cc3cc(Cl)ccc3s2)[C@H]2C[C@@H]21,0.23,0.535,0.4079047,0.94077885,0.1326249,0.8764764,0.5204641445477803,0.5124199278938009,3.0,0.41999958538824683,0,0,0,1,1,1,3,0,0,0,Level_1_Low_Confidence
ZINCrE00000jsipL,C[C@H]1C[C@@H](C)N(C(=O)c2cnc(O)c(F)c2)CCN1C(=O)c1ccsc1Cl,0.19,0.7,0.32768977,0.92902017,0.006825422,0.97975737,0.5222154539637267,0.5121045516737809,3.0,0.25434973179895337,0,0,0,1,1,1,3,0,0,0,Level_1_Low_Confidence
ZINCrp00001eSYdr,CN1CCc2cc(CC(=O)N[C@H]3CC[C@@H](NS(=O)(=O)C4(Cl)CC4)C3)ccc21,0.27,0.58875,0.15478854,0.80091,0.68736315,0.59795046,0.5166270235180855,0.5118238811416829,4.0,0.4481376589133122,0,0,1,1,1,1,4,0,0,1,Level_1_Low_Confidence
ZINCtE00000r8tn6,CCC1=CC=C(C(=O)N2CCCC(CCNC(=O)C3=CC=C(Cl)C(O)=C3N)C2)O1,0.3225,0.52,0.34835395,0.6574385,0.29121086,0.969178,0.5181135582923889,0.51162947042614,3.0,0.4704390295113322,0,0,0,1,1,1,3,0,0,0,Level_1_Low_Confidence
ZINCs800000cZYbX,O=C(N[C@@]12CCCN(C(=O)c3nncs3)C[C@@H]1C2)c1ccn2c(O)nnc2c1,0.235,0.415,0.11352663,0.594164,0.7854673,0.963974,0.5178553278247515,0.511534000318101,3.0,0.413255758593456,0,0,1,0,1,1,3,0,0,0,Level_1_Low_Confidence
ZINCqy00000F132C,O=C(Cc1ccc(F)c(Br)c1)NCCc1csc(CN2CCOC2=O)n1,0.35,0.46,0.6509681,0.6222601,0.6329218,0.35420984,0.511726637283961,0.5113765165230906,3.0,0.49449438802034246,0,1,1,0,1,0,3,0,0,0,Level_1_Low_Confidence
ZINCsa00001RqjfM,Cn1ccc([C@@H]2C[C@H]2C(=O)N2CCN(C(=O)c3cc(O)n(C)n3)CC23CC3)n1,0.315,0.52,0.40531182,0.88492095,0.008517349,0.9815234,0.5192122535531719,0.5113539036881205,3.0,0.28088947025973804,0,0,0,1,1,1,3,0,0,0,Level_1_Low_Confidence
ZINCqG00000kxqEF,COc1ncc(F)c(N2CCS[C@@H](C(=O)Nc3ccc(Br)c(Cl)c3)C2)n1,0.265,0.5025,0.6396459,0.6069083,0.31635472,0.7667662,0.5161958513657252,0.5113379033406575,4.0,0.48199994116682143,0,1,0,1,1,1,4,0,0,1,Level_1_Low_Confidence
ZINCtH00000cKY5i,CC1(C)CCC[C@@H]1C(=O)NC[C@@H]1CN(C(=O)c2cc3cnc(Cl)cc3s2)CCO1,0.335,0.46,0.5279788,0.2670745,0.54824233,0.9521117,0.5150678875048955,0.5112090582247321,3.0,0.4740076306605845,0,1,1,0,0,1,3,0,0,0,Level_1_Low_Confidence
ZINCpA00000xAK7k,C=CCn1nnnc1[C@H](NC[C@H]1CC12CCOCC2)c1cc(Cl)cs1,0.3316666666666667,0.475,0.65283364,0.8000257,0.79177254,0.005647626,0.5094910298205084,0.5110193333275898,3.0,0.2676874691446914,0,1,1,0,1,0,3,0,0,0,Level_1_Low_Confidence
ZINCtB000003TEME,Cc1ncc(C(=O)N2CC[C@@H]3CCN(C(=O)c4cc5sccc5n4C)C[C@H]3C2)o1,0.255,0.56,0.57104015,0.4374809,0.33297327,0.944145,0.5167732242743174,0.5108556136932778,3.0,0.47311531326482625,0,1,0,1,0,1,3,0,0,0,Level_1_Low_Confidence
ZINCrl000011lxa4,Cc1nc(Cl)cc(NC(=O)[C@@]2(C)CCN2c2nc(S(C)(=O)=O)ncc2C)n1,0.26,0.6275,0.22531836,0.7933572,0.26120114,0.94439495,0.5186286066969236,0.5105208468859922,3.0,0.4393697884424183,0,0,0,1,1,1,3,0,0,0,Level_1_Low_Confidence
ZINCqm00000E8wP1,Cn1c(C(=O)N[C@]23C[C@H]2CN(C(=O)C2(O)CC2)C3)cc2cc(Cl)ccc21,0.2,0.5816666666666667,0.3300686,0.88994735,0.12079897,0.9962289,0.51978507520424,0.510428202248775,3.0,0.4002664340056536,0,0,0,1,1,1,3,0,0,0,Level_1_Low_Confidence
ZINCtU00000x0bCk,O=C(c1cc(Cl)cc(Cl)c1Cl)N1C[C@@H]2CCN(C(=O)c3cc(Br)cnc3Cl)[C@@H]2C1,0.29,0.48,0.61721647,0.73563594,0.02628069,0.9544568,0.5172649833808343,0.510411072224907,3.0,0.34147227910848793,0,1,0,0,1,1,3,0,0,0,Level_1_Low_Confidence
ZINCrF00000X5oSy,Cc1cc([N+](=O)[O-])c(F)cc1NC(=O)[C@H]1CCCN(C(=O)c2cccs2)C1,0.23,0.47,0.1571295,0.51088303,0.73317826,0.9999945,0.516864217321078,0.5103191070565094,3.0,0.4304625242196583,0,0,1,0,1,1,3,0,0,0,Level_1_Low_Confidence
ZINCsB00000vTfnT,Nc1ccc(Cl)cc1C(=O)N1CCC[C@H]2CN(c3ncnc4ccoc34)C[C@H]21,0.23,0.51,0.7023401,0.6711606,0.009497292,0.98300433,0.5176670547823111,0.5102158083766699,4.0,0.2832290931715121,0,1,0,1,1,1,4,0,0,1,Level_1_Low_Confidence
ZINCtC00000jKmzB,C[C@@H]1C[C@H](NC(=O)c2cc3ccsc3n2C)CN1C(=O)c1ccc(N)c(Cl)c1O,0.24,0.6325,0.26582363,0.96187997,0.039545592,0.9773051,0.5195090512186289,0.5100186097061803,3.0,0.3383392758084337,0,0,0,1,1,1,3,0,0,0,Level_1_Low_Confidence
ZINCrF00000Nb6QB,COc1ccsc1CN(C[C@@H]1CC[C@@H](F)C1)C(=O)c1ccnn2ccnc12,0.29,0.53,0.53509533,0.7926048,0.008613552,0.94781643,0.5173550202635427,0.5099919565745913,4.0,0.2846719702985592,0,1,0,1,1,1,4,0,0,1,Level_1_Low_Confidence
ZINCtJ00000oBh08,CCC(C)(C)CC(=O)N1CC2(C1)SCC[C@H]2NC(=O)c1cc(Cl)cc2c1OCC2,0.22,0.515,0.45029676,0.884902,0.062519066,0.97891873,0.5186060928801696,0.5099488913516202,3.0,0.3745966059453885,0,0,0,1,1,1,3,0,0,0,Level_1_Low_Confidence
ZINCtu00000Eg0E4,Cc1cc(N2CCN3CCN(C(=O)c4cc(O)cs4)C[C@@H]3C2)nc(C2CCC2)n1,0.315,0.42,0.65483457,0.17073837,0.53230107,0.98852724,0.5135668740669886,0.5099171315778231,3.0,0.4451722571287189,0,1,1,0,0,1,3,0,0,0,Level_1_Low_Confidence
ZINCrF00000Nb6Qu,COc1ccsc1CN(C[C@H]1CCC[C@@H](OC)C1)C(=O)CCn1ccnc1,0.235,0.565,0.66476846,0.84325856,0.008195817,0.78352404,0.5166244783438741,0.5097669434118091,4.0,0.2796181367989725,0,1,0,1,1,1,4,0,0,1,Level_1_Low_Confidence
ZINCtu00000dzGoP,COC1(C(=O)N2CCCN(C(=O)CCC(C)(C)[N+](=O)[O-])CC2)CCC(F)(F)CC1,0.35,0.335,0.7539175,0.058512658,0.5744759,0.99986315,0.5119615342219671,0.5095535850556606,3.0,0.3791547307649867,0,1,1,0,0,1,3,0,0,0,Level_1_Low_Confidence
ZINCta000031F6tC,CCc1nocc1S(=O)(=O)NCCC(=O)N1CC(NC(=O)c2nc(Cl)oc2C)C1,0.21,0.7441666666666668,0.14836231,0.9746514,0.04387811,0.9990903,0.5200247989760505,0.5094188409402578,3.0,0.3157324168036622,0,0,0,1,1,1,3,0,0,0,Level_1_Low_Confidence
ZINCog00000HQo8g,C[C@@H]1C(=O)N(C)CCN1[C@@H](C(=O)N[C@H]1CCOC1)c1nscc1Br,0.325,0.5354166666666668,0.86384314,0.54418933,0.76168966,0.011423993,0.5069271332377361,0.5093573223715802,4.0,0.2988083240200706,0,1,1,1,1,0,4,0,0,1,Level_1_Low_Confidence
ZINCrk000011lx9J,Cc1nc(Cl)ccc1S(=O)(=O)N1CC(NC(=O)[C@@H]2C[C@@H]3CCCC[C@H]3N2)C1,0.29,0.6704166666666665,0.31869674,0.89256227,0.010030063,0.9250044,0.5177850266090697,0.509350182017307,3.0,0.28294437715272014,0,0,0,1,1,1,3,0,0,0,Level_1_Low_Confidence
ZINCsE00000q7OS7,O=C(CCOC1COC1)N1CC[C@H]1c1csc(C2(c3ccccc3F)CC2)n1,0.225,0.73,0.21527511,0.9356363,0.011381212,0.99989945,0.5195320082393785,0.5093295065062582,3.0,0.2687149607973475,0,0,0,1,1,1,3,0,0,0,Level_1_Low_Confidence
ZINCqw00000O5iLa,C[C@H](NS(=O)(=O)c1ccc(NC[C@H]2C[C@@H](S(C)(=O)=O)C2)cc1Cl)C1CC1,0.275,0.48,0.5975252,0.8913956,0.8071979,0.0014603158,0.5087631753405245,0.5093058797368013,3.0,0.20880356515141038,0,1,1,0,1,0,3,0,0,0,Level_1_Low_Confidence
ZINCtC00000jKqy4,C[C@@H]1C[C@H](NC(=O)c2nc3cc(F)ccc3s2)CN1C(=O)c1cc(Cl)cnc1O,0.22791666666666666,0.64375,0.35830334,0.89031875,0.005633243,0.9857377,0.5186099467623151,0.5092488635903836,3.0,0.25262030563806614,0,0,0,1,1,1,3,0,0,0,Level_1_Low_Confidence
ZINCsx00000gmGvg,CS(=O)(=O)c1cccc(Cl)c1C(=O)N[C@H]1C[C@H]2CC[C@@H]1N2C(=O)CC1CCC1,0.235,0.6561904761904762,0.04935317,0.9675217,0.23162189,0.9737023,0.5188982628652501,0.5092329118976275,3.0,0.3441226271964708,0,0,0,1,1,1,3,0,0,0,Level_1_Low_Confidence
ZINCt900001SZVYA,COc1ccc(CC(=O)N[C@H]2C[C@@H]2NC(=O)c2cnc(C(N)=O)s2)cc1[N+](=O)[O-],0.23,0.31875,0.042562768,0.55037206,0.9490444,0.99994344,0.5151121122638385,0.5091432959898143,3.0,0.34304759068466506,0,0,1,0,1,1,3,0,0,0,Level_1_Low_Confidence
ZINCpH00000FM7ec,CO[C@@](C)(C(=O)N(CCc1ccco1)Cc1c(C)nsc1C)C1CC1,0.335,0.56,0.010329625,0.81646585,0.9609597,0.38604516,0.5114667183533311,0.5091336893903237,3.0,0.289356413111072,0,0,1,1,1,0,3,0,0,0,Level_1_Low_Confidence
ZINCrU00000rQeY9,Cc1cc(Br)nc(Cl)c1NC(=O)[C@]1(F)CCN(Cc2c(Br)ccnc2Cl)C1,0.34,0.47,0.50851095,0.70274264,0.6645161,0.37566844,0.510239685177803,0.5091135609488115,3.0,0.49241423474530716,0,1,1,0,1,0,3,0,0,0,Level_1_Low_Confidence
ZINCsj00001S8vDZ,O=C(NCCC1CN(S(=O)(=O)CCN2CCCCC2)C1)c1cc(O)ccc1F,0.21,0.6366666666666667,0.48190793,0.75418764,0.028512219,0.99642485,0.5179498861523139,0.5090899753521239,3.0,0.333688887688538,0,0,0,1,1,1,3,0,0,0,Level_1_Low_Confidence
ZINCtx00000ghKSP,COc1nscc1C(=O)N(C)[C@H]1[C@@H]2CN(C(=O)c3ccc4c(c3C)CCC4)C[C@@H]21,0.34,0.56,0.3869399,0.94815916,0.03456966,0.8252332,0.515816991776228,0.5089805705665696,3.0,0.3547403455202842,0,0,0,1,1,1,3,0,0,0,Level_1_Low_Confidence
ZINCsj00000oQT2x,C[C@@H]1C[C@@H]1C(=O)N1CCN(C(=O)c2cc(N)cc(O)c2)C[C@@H]1c1nccn1C,0.28,0.375,0.5812411,0.887472,0.23439029,0.72576094,0.5139773784081142,0.508778175035267,3.0,0.4578665399533715,0,1,0,0,1,1,3,0,0,0,Level_1_Low_Confidence
ZINCsG000005swOl,CSc1cccnc1C(=O)N1CCC[C@H]1[C@@H]1CCN(C(=O)c2csnc2Cl)C1,0.355,0.6091666666666667,0.7050058,0.7451017,0.07949804,0.5808629,0.5124391831623184,0.5086847840358742,4.0,0.41683783190507134,0,1,0,1,1,1,4,0,0,1,Level_1_Low_Confidence
ZINCth000015zVjD,CN(C)c1nc(C(=O)N[C@@H]2CN(C(=O)c3cc(Cl)cc(F)c3N)CC[C@H]2O)co1,0.265,0.5033333333333333,0.5563815,0.62648976,0.15051055,0.9908408,0.5154259929392073,0.5084647907122934,4.0,0.4366765229293617,0,1,0,1,1,1,4,0,0,1,Level_1_Low_Confidence
ZINCts000005CUJI,Cc1cc(C(=O)N2CC[C@]3(C2)CN(C(=O)[C@H]2CCCN2N=O)CCO3)ccc1Cl,0.305,0.605,0.24608207,0.7759347,0.16918565,0.9974829,0.5164475521445274,0.5084572379005716,3.0,0.42563587325653557,0,0,0,1,1,1,3,0,0,0,Level_1_Low_Confidence
ZINCtf00001uBmju,CCOCCO[C@H](C)C(=O)N1CC2(C[C@@H](NC(=O)c3cnc(O)c(Cl)c3)CO2)C1,0.24,0.615,0.5051983,0.7592495,0.0025705174,0.9779038,0.5166536848247051,0.508298460359335,4.0,0.22849405456171443,0,1,0,1,1,1,4,0,0,1,Level_1_Low_Confidence
ZINCsK000006Veh2,Cc1c(Br)ccnc1C(=O)N[C@H]1CCCCCN(C(=O)[C@@H](C)c2ccco2)C1,0.275,0.535,0.09499067,0.8050856,0.72794163,0.640226,0.5130406514803568,0.5081325992962992,4.0,0.41681169213441477,0,0,1,1,1,1,4,0,0,1,Level_1_Low_Confidence
ZINCtE00000oJ3PC,Cn1[nH]c(=NC(=O)c2c(NS(=O)(=O)c3ccncc3)sc3c2CCCC3)cc1Cl,0.22,0.70625,0.20851503,0.9632971,0.014796664,0.99684936,0.5182846973153452,0.5080308326632312,3.0,0.2778723628808885,0,0,0,1,1,1,3,0,0,0,Level_1_Low_Confidence
ZINCrt00000ui4Sz,Cc1ncn(C)c1NC(=O)[C@H]1C[C@H]2C[C@@H]2N1Cc1ccc(F)cc1[N+](=O)[O-],0.24,0.35,0.14155312,0.7976218,0.5630646,0.9998693,0.5153514612714449,0.5079931099152734,3.0,0.4180705043096129,0,0,1,0,1,1,3,0,0,0,Level_1_Low_Confidence
ZINCtC00000jKqpx,C[C@@H]1C[C@H](NC(=O)c2n[nH]c(C3CC3)c2Cl)CCN1C(=O)c1cc(O)ccc1F,0.325,0.5175,0.17889798,0.92825615,0.4487559,0.6812555,0.5132775900761287,0.5078895055824982,3.0,0.45209655345623,0,0,0,1,1,1,3,0,0,0,Level_1_Low_Confidence
ZINCtz00000DDmXn,CC(C)c1c(Cl)nc[nH]c1=NC[C@@H]1CC[C@]2(CCN(C(=O)[C@H](O)C3(C)CC3)C2)O1,0.32,0.5416666666666666,0.6603543,0.86947566,0.01800028,0.66698205,0.5127464968007471,0.5076190995021632,4.0,0.32575042696900014,0,1,0,1,1,1,4,0,0,1,Level_1_Low_Confidence
ZINCsq000000ui3X,CC(C)N1CCO[C@@H](C(=O)N2CC3(CC3)C[C@H]2CNC(=O)c2csnc2Cl)C1,0.275,0.59875,0.23982485,0.8791669,0.1837769,0.9174029,0.5156535951296489,0.5075829442680304,3.0,0.4245209502411144,0,0,0,1,1,1,3,0,0,0,Level_1_Low_Confidence
ZINCtU00000x0bCP,O=C(c1cc(Cl)cc(Cl)c1Cl)N1[C@@H]2CN(S(=O)(=O)c3c(Cl)cc(Br)cc3Cl)C[C@H]21,0.255,0.635,0.19448532,0.9845932,0.036314867,0.99812543,0.5172531392673652,0.5075529843061528,3.0,0.32244416803478543,0,0,0,1,1,1,3,0,0,0,Level_1_Low_Confidence
ZINCtd00002pFzxl,CN1CCN(c2ccc(S(=O)(=O)N3CCC[C@@H](N4CCC4)C3)cc2F)C[C@H]1CO,0.27,0.6316666666666666,0.36412093,0.69953674,0.92455745,0.15959369,0.5082459119624562,0.5075506948212923,3.0,0.43099898835531547,0,0,1,1,1,0,3,0,0,0,Level_1_Low_Confidence
ZINCtK000004731B,O=C(N[C@@H]1CCC[C@H]2CN(C(=O)c3csc4c3CCCC4)C[C@@H]21)c1ccc(F)o1,0.3,0.4516666666666667,0.698978,0.50952756,0.41818768,0.68541324,0.5106288594669767,0.5075315612061367,3.0,0.4899469238188426,0,1,0,0,1,1,3,0,0,0,Level_1_Low_Confidence
ZINCrI000019Ukkl,CP(C)(=O)c1cc(-c2noc(-c3cnc(OCC4CC4)c(Cl)c3)n2)ccn1,0.3216666666666667,0.4716666666666666,0.51090896,0.860822,0.5096834,0.3832874,0.5096725145313475,0.5074605706059341,3.0,0.4851252243651375,0,1,1,0,1,0,3,0,0,0,Level_1_Low_Confidence
ZINCsh00001CEh8y,CO[C@H]1CN(C(=O)c2cc3c(nc2O)CCC3)C[C@@H]1c1cn(CC2CC2)nn1,0.275,0.56,0.35495126,0.9456767,0.07347984,0.8823815,0.5152482140560944,0.507336071125159,3.0,0.386850164516499,0,0,0,1,1,1,3,0,0,0,Level_1_Low_Confidence
ZINCtv00000a64Df,CC(C)N(CCN(C)C(=O)c1ncn2c1CCCC2)C(=O)c1c[nH]cc(Cl)c1=O,0.2075,0.53,0.61068624,0.7997976,0.006257244,0.93806845,0.5153849217575043,0.5073176737951365,4.0,0.26088651768495424,0,1,0,1,1,1,4,0,0,1,Level_1_Low_Confidence
ZINCpJ000005ZJoM,CC(C)c1cc(Br)ccc1C(=O)N1CCN(c2nccnc2Cl)CC1,0.355,0.5,0.7007129,0.58096063,0.019071994,0.91970617,0.5125752851242821,0.5072721591523142,3.0,0.32896906882931576,0,1,0,0,1,1,3,0,0,0,Level_1_Low_Confidence
ZINCtC00000jrTQs,CS[C@@H]1CN(C(=O)c2ccccc2OC2CCC2)C[C@H]1NC(=O)c1cc(Cl)no1,0.315,0.6341666666666668,0.41964063,0.7635608,0.018876327,0.93690014,0.5146907558581896,0.5072181654809566,3.0,0.3228303205204411,0,0,0,1,1,1,3,0,0,0,Level_1_Low_Confidence
ZINCrj00001fVlvt,COc1cc(NC(=O)N2CCC[C@@H](C(=O)N(C)C)C2)c(Cl)cc1S(N)(=O)=O,0.26,0.7508333333333332,0.11990435,0.952459,0.022520501,0.99784535,0.5172604184432162,0.5071619351944461,3.0,0.2818209221300342,0,0,0,1,1,1,3,0,0,0,Level_1_Low_Confidence
ZINCsU00000N4QEf,CC1(CC(=O)Nc2ccc(Cl)c(Cl)c2Cl)CN(S(=O)(=O)c2ccccc2Br)C1,0.32,0.5191666666666667,0.055222366,0.9182791,0.28244388,0.995676,0.5151313343561358,0.5069754374115321,3.0,0.36511761222030126,0,0,0,1,1,1,3,0,0,0,Level_1_Low_Confidence
ZINCtM0000163KJj,CC(C)[C@@](C[C@H]1CCCO1)(NC1(c2ccsc2)CC1)c1nnnn1CCC1CC1,0.445,0.33,0.5889084,0.723735,0.92919934,0.0018795176,0.503120367450174,0.5067961188629996,3.0,0.21866339524888398,0,1,1,0,1,0,3,0,0,0,Level_1_Low_Confidence
ZINCrn00001eTOod,O=C(N[C@@H]1CCCN(S(=O)(=O)c2c(F)cccc2F)C1)[C@@H]1CCCC[C@@H]1O,0.235,0.6941666666666666,0.021510193,0.91928935,0.2853521,0.94156474,0.5161471766523189,0.5067920138637576,3.0,0.30877578794580407,0,0,0,1,1,1,3,0,0,0,Level_1_Low_Confidence
ZINCsF000008wicY,O=C1CN(S(=O)(=O)c2ccc(F)cc2C(F)(F)F)CCN1c1ccc(Cl)cc1,0.235,0.7266666666666667,0.23369543,0.8358351,0.074643426,0.99207515,0.5163192948864567,0.5067892110678884,3.0,0.36766448185034223,0,0,0,1,1,1,3,0,0,0,Level_1_Low_Confidence
ZINCsQ000001FrXx,CCc1ccc([N+](=O)[O-])cc1S(=O)(=O)Nc1nc(-c2ccc(C)c(C)c2)cs1,0.185,0.42,0.035823565,0.6627237,0.78192383,0.9999561,0.5142378644893567,0.5067245219394247,3.0,0.3361331028690243,0,0,1,0,1,1,3,0,0,0,Level_1_Low_Confidence
ZINCpU000010syBg,COc1ccc(I)cc1C(=O)N1CCC[C@H]1c1csc(C(C)(C)C)n1,0.17,0.7083333333333335,0.26504567,0.9279178,0.034399044,0.9960852,0.516963509130809,0.5064362048063576,3.0,0.3170005000497879,0,0,0,1,1,1,3,0,0,0,Level_1_Low_Confidence
ZINCrs000005qeMU,CC(=O)c1cc(C(=O)N2CC[C@@H](C)N(C(=O)c3cc(Cl)cn3C)CC2)no1,0.325,0.625,0.59463227,0.7533749,0.07481456,0.696015,0.5114727834860484,0.5062930592408417,4.0,0.40983082115330594,0,1,0,1,1,1,4,0,0,1,Level_1_Low_Confidence
ZINCrq00000n37DK,COc1cnc(Br)cc1C(=O)N1CC[C@@H](CCNC(=O)Cc2ccon2)C1,0.3,0.515,0.3144623,0.87075984,0.08953348,0.9960464,0.5143003418048223,0.5062299323821744,3.0,0.39455730110475185,0,0,0,1,1,1,3,0,0,0,Level_1_Low_Confidence
ZINCtk00001UG2WI,O=C1NC(=O)C2(CCN(c3nc(N[C@H]4CCOC[C@@H]4F)c4ccsc4n3)CC2)N1,0.315,0.47083333333333327,0.66822255,0.21346149,0.851556,0.51841336,0.50624778939618,0.5061902240094845,3.0,0.4588999070412671,0,1,1,0,0,1,3,0,0,0,Level_1_Low_Confidence
ZINCtq00000oZihV,CN1CC[C@@H](C(=O)NCC23CCC(CC2)CN3C(=O)c2ccc(Cl)c(O)c2)C1=O,0.32,0.55,0.53413916,0.8324646,0.019404002,0.81771237,0.5122866833706697,0.5059706540289499,4.0,0.3278466764156585,0,1,0,1,1,1,4,0,0,1,Level_1_Low_Confidence
ZINCqt00000nCWIB,CN(C[C@@H]1CCCN1C(=O)c1scc2c1OCCO2)C(=O)[C@@]12CC[C@@H]1C2,0.265,0.595,0.13507782,0.9646623,0.16793914,0.9616504,0.5148882742722829,0.5058937491085512,3.0,0.3862026245046228,0,0,0,1,1,1,3,0,0,0,Level_1_Low_Confidence
ZINCru00000ui4SK,Cc1ncncc1NC(=O)[C@@H]1CCN(C(=O)c2ccc([N+](=O)[O-])cc2Cl)C1,0.26,0.525,0.2772654,0.5510222,0.4627858,0.99999106,0.5126774068673452,0.5058476951105375,3.0,0.46141912608438035,0,0,0,1,1,1,3,0,0,0,Level_1_Low_Confidence
ZINCqc000010RGiX,C[C@@H]1OCCN(C(=O)c2scnc2Cl)[C@H]1C(=O)N1CC[C@H](OCCO)C1,0.22,0.705,0.32654026,0.8877643,0.009843715,0.9414351,0.5150972249607245,0.5057091295188094,3.0,0.2732955744814508,0,0,0,1,1,1,3,0,0,0,Level_1_Low_Confidence
ZINCqk00001Q4n5s,CCCCc1nc(CN2CCOC[C@H](C(=O)N[C@H]3C[C@H](O)C3)C2)c(Cl)[nH]1,0.26,0.56,0.100421116,0.7758652,0.63610506,0.7366354,0.5115044600764911,0.5056148431212343,4.0,0.4177588762037933,0,0,1,1,1,1,4,0,0,1,Level_1_Low_Confidence
ZINCty000009kFZJ,CSc1nc(Cl)c(C)c(N2CC(O)([C@@H](C)NC(=O)C[C@H]3CCC(C)(C)CO3)C2)n1,0.18666666666666665,0.5691666666666667,0.3610607,0.92745376,0.056817006,0.9898003,0.5151608465198013,0.5055605535579065,3.0,0.3549774567957524,0,0,0,1,1,1,3,0,0,0,Level_1_Low_Confidence
ZINCtn00000Vffgo,Cc1noc(Cl)c1CC(=O)N[C@@H]1C[C@@H](O)CN(C(=O)c2nc(C3CC3)oc2C)C1,0.24,0.6175,0.10030063,0.9690554,0.16865675,0.995486,0.5151664698620637,0.5055102645146086,3.0,0.36637280601693145,0,0,0,1,1,1,3,0,0,0,Level_1_Low_Confidence
ZINCqD000007DAD2,CCC[C@@H]1C[C@H]1c1nc([C@@H](C)C2CC2)nn1-c1ccc(S(N)(=O)=O)cc1,0.33,0.63,0.37933204,0.85617054,0.83293736,0.0020378947,0.5050796375594412,0.5054551273302658,3.0,0.22039651738089241,0,0,1,1,1,0,3,0,0,0,Level_1_Low_Confidence
ZINCtU00000x0bEu,O=C(c1cc(Cl)cc(Cl)c1O)N1CCC(Oc2ccc(C3=CCCC3)cc2)CC1,0.2816666666666667,0.605,0.3005114,0.65894353,0.31271178,0.91468304,0.5122527349657483,0.5053672747437271,3.0,0.46142643521552434,0,0,0,1,1,1,3,0,0,0,Level_1_Low_Confidence
ZINCty00000ntuvB,N#Cc1ccc(C(=O)N[C@@]23CCC[C@@H]2CN(C(=O)c2c(Cl)n[nH]c2C2CC2)C3)o1,0.27,0.5441666666666667,0.14905806,0.8462057,0.2936187,0.97834677,0.5135659851299392,0.5053541776573123,3.0,0.4178630229801419,0,0,0,1,1,1,3,0,0,0,Level_1_Low_Confidence
ZINCtG00000QWyxZ,Cc1cc([N+](=O)[O-])ccc1[C@H](c1nnnn1CCCF)N1CC2(CCC2)C[C@@H]1C,0.17,0.29,0.52691734,0.23312993,0.8391696,0.99968684,0.5098172884186108,0.5051028797051584,3.0,0.41461995101667776,0,1,1,0,0,1,3,0,0,0,Level_1_Low_Confidence
ZINCsg00001BHibp,CC[C@]12COC(=O)N1CCN(S(=O)(=O)c1ccc(OC)c(C(=O)N(C)C)c1)C2,0.235,0.705,0.3214001,0.91687864,0.051476926,0.85202235,0.5136296703418096,0.5049967444281206,3.0,0.3590153959357545,0,0,0,1,1,1,3,0,0,0,Level_1_Low_Confidence
ZINCtu00000Eg0DT,Cc1cc(N2C[C@H](NC(=O)c3cc(O)nc(Cl)c3)C3(CC3)C2)nc(CC2CC2)n1,0.39,0.445,0.51393163,0.5992638,0.170965,0.94085765,0.5100030115246773,0.504990487132512,3.0,0.4526159515907434,0,1,0,0,1,1,3,0,0,0,Level_1_Low_Confidence
ZINCst00000f5VyR,Cc1nn[nH]c1C(=O)N1CCCN(C(=O)CCOc2cccc(Cl)c2)CCC1,0.29,0.5925,0.15696913,0.86746144,0.22042736,0.951005,0.5130604865153631,0.5048928460711283,3.0,0.41219227402597974,0,0,0,1,1,1,3,0,0,0,Level_1_Low_Confidence
ZINCtz00000DDZCg,NC(=O)[C@@H]1[C@H]2CN([C@H](c3ccsc3Br)c3nnnn3CSc3ccccc3)C[C@H]21,0.12,0.515,0.0036857456,0.9716985,0.7812796,0.6814206,0.5121807526626313,0.5047443866672271,4.0,0.2214171170069112,0,0,1,1,1,1,4,0,0,1,Level_1_Low_Confidence
ZINCsA000005D7GW,C[C@H](NC(=O)[C@H]1COC2(C1)CN(C(=O)c1cc(Br)ccc1Br)C2)c1cn[nH]c1,0.37,0.4725,0.5839124,0.67717946,0.011652238,0.9476834,0.5104879100061953,0.504682009262396,3.0,0.30231145209610566,0,1,0,0,1,1,3,0,0,0,Level_1_Low_Confidence
ZINCsM00001JUrcF,COC[C@]1(C(=O)N(CCc2sccc2F)Cc2cc(Cl)ncc2O)CC1(C)C,0.23,0.645,0.285506,0.93183553,0.0004953471,0.9933367,0.5143622611455309,0.5046796045402487,3.0,0.16394871792422225,0,0,0,1,1,1,3,0,0,0,Level_1_Low_Confidence
ZINCtn00000Vfa7e,Cc1noc(Cl)c1CC(=O)N1CC[C@H](NC(=O)c2cn(C3CCOCC3)cn2)C1,0.295,0.49,0.21044728,0.54946315,0.71653724,0.7931577,0.5091008947292964,0.5045715079324464,3.0,0.46020328702167873,0,0,1,0,1,1,3,0,0,0,Level_1_Low_Confidence
ZINCsK00000bSj1J,C[C@]1(c2ccc(F)c(Br)c2)CNCCN1C(=O)CSc1ncnc2ccsc12,0.28,0.62,0.39792556,0.95222944,0.05604765,0.76356965,0.511628716190656,0.5044216889745377,3.0,0.37576518087151844,0,0,0,1,1,1,3,0,0,0,Level_1_Low_Confidence
ZINCsK00000bSj1K,C[C@@]1(c2ccc(F)c(Br)c2)CNCCN1C(=O)CSc1ncnc2ccsc12,0.28,0.62,0.39792556,0.95222944,0.05604765,0.76356965,0.511628716190656,0.5044216889745377,3.0,0.37576518087151844,0,0,0,1,1,1,3,0,0,0,Level_1_Low_Confidence
ZINCto00000WjCQV,CC(C)n1ncc(C(=O)N[C@@]23CCOC[C@@H]2CN(C(=O)c2csc(Cl)n2)C3)c1N,0.24,0.5275,0.49518323,0.8021949,0.0136956265,0.99766773,0.5127069131967922,0.5043714764566285,3.0,0.29705798167043074,0,0,0,1,1,1,3,0,0,0,Level_1_Low_Confidence
ZINCtK00000tIzkd,O=[N+]([O-])c1ccc(CN2CCC(F)(F)[C@@H](Nc3ncnc4ncc(Br)cc34)C2)s1,0.305,0.235,0.8074752,0.089230865,0.60637474,0.9976821,0.5067938182751338,0.5043198121164707,3.0,0.3823468769930823,0,1,1,0,0,1,3,0,0,0,Level_1_Low_Confidence
ZINCtD00000Ghc7o,Cc1cc(C)c2oc(N(C)C[C@H](O)CN(C)C(=O)c3cc(Cl)ccc3O)nc2c1,0.215,0.5,0.64142054,0.7686543,0.004910301,0.94238156,0.5120611153015245,0.5043119923145583,3.0,0.2501897687075211,0,1,0,0,1,1,3,0,0,0,Level_1_Low_Confidence
ZINCtJ00000oBh1n,CC1(C)C[C@@H](CNC(=O)c2snc(O)c2Cl)CN(C(=O)[C@@H]2CCC[C@H]2C2CC2)C1,0.38,0.59875,0.09842984,0.8619196,0.15457758,0.97771925,0.511899374773105,0.5042766598797013,3.0,0.3780047162861372,0,0,0,1,1,1,3,0,0,0,Level_1_Low_Confidence
ZINCrj000029UEDB,C=C(C)[C@H]1OCC[C@H]1C(=O)NCC(=O)NCCN=c1[nH]c(Cl)c([N+](=O)[O-])s1,0.22,0.495,0.08558374,0.5819069,0.68742836,0.99874586,0.5114441445966561,0.5042530298909396,3.0,0.3936943491217232,0,0,1,0,1,1,3,0,0,0,Level_1_Low_Confidence
ZINCrC00000Frdho,Cc1cocc1C(=O)N(CCC[C@@H]1CCCCO1)Cc1ccn(C)c(=O)c1,0.23,0.615,0.45760125,0.8314561,0.030716427,0.9097781,0.5124253198007742,0.5041563321227299,3.0,0.33848488344969935,0,0,0,1,1,1,3,0,0,0,Level_1_Low_Confidence
ZINCsO00000N6DId,CSc1ccc(NC(=O)[C@H]2COCCN2C(=O)c2cc(Cl)cc(Br)c2)cc1F,0.21,0.675,0.34629184,0.88992393,0.0036067755,0.95681494,0.5136062484219049,0.5041253911932362,3.0,0.23069820362886057,0,0,0,1,1,1,3,0,0,0,Level_1_Low_Confidence
ZINCqm00000E8xEc,Cn1c(Cl)cnc1C(F)(F)C(=O)N[C@H]1CC[C@@H](NC(=O)c2ccon2)C1,0.28,0.48,0.50850743,0.62246495,0.40116262,0.760772,0.5088178332646688,0.5041044502985392,3.0,0.48480200722795536,0,1,0,0,1,1,3,0,0,0,Level_1_Low_Confidence
ZINCsk00000yzLR0,Cc1ncc(Cl)c(C(=O)N2CC[C@@]3(C2)CN(C(=O)[C@H]2C[C@H](C#N)C2)CCO3)n1,0.27,0.655,0.29630238,0.86024386,0.024360558,0.97150546,0.5129020427043239,0.5040796132834879,3.0,0.31965564387906775,0,0,0,1,1,1,3,0,0,0,Level_1_Low_Confidence
ZINCtw00000zHqPC,Cc1nccnc1[C@H](C)Nc1ccc(S(=O)(=O)NC[C@H]2CCCC(=O)N2)cc1Br,0.305,0.52,0.3405371,0.72561365,0.6192737,0.53217685,0.5071002215147019,0.5038553097400259,4.0,0.4843789736639018,0,0,1,1,1,1,4,0,0,1,Level_1_Low_Confidence
ZINCtq00000oZgmP,CCN(C(=O)c1cnccc1Cl)[C@@H]1CCCN(C(=O)c2nnc(O)cc2O)CC1,0.305,0.635,0.29244423,0.8381336,0.015715262,0.98642665,0.5121199526761969,0.5036911948466448,3.0,0.3004711043768485,0,0,0,1,1,1,3,0,0,0,Level_1_Low_Confidence
ZINCsK000006Vej1,Cc1c(Br)ccnc1C(=O)N[C@H]1CCCN(C(=O)c2occc2C2CC2)CC1,0.35,0.5316666666666667,0.15893395,0.92197955,0.7863405,0.2836964,0.5054361756311523,0.5036687960452786,3.0,0.4272528684515683,0,0,1,1,1,0,3,0,0,0,Level_1_Low_Confidence
ZINCtJ00000xQw9K,CN([C@@H]1CCN(Cc2ccccc2OC(F)F)C1)S(=O)(=O)c1ccc(Cl)cc1F,0.1975,0.6616666666666666,0.46643215,0.88603574,0.04476799,0.81382453,0.5117045143908925,0.5034518517155736,3.0,0.35398979590157986,0,0,0,1,1,1,3,0,0,0,Level_1_Low_Confidence
ZINCs5000003VGZ2,COc1n[nH]c(C(=O)N2C[C@H]3C(CNC(=O)CCS(=O)(=O)N(C)C)[C@@H]3C2)c1Cl,0.335,0.67625,0.3155446,0.8637635,0.018196795,0.8554268,0.5106969499836366,0.503324619666376,3.0,0.31414554732414574,0,0,0,1,1,1,3,0,0,0,Level_1_Low_Confidence
ZINCsm00000UTRdr,COc1ccc(C(=O)N[C@H]2C[C@@H](O)CN(C(=O)c3snc(O)c3Cl)C2)cc1F,0.35,0.6308333333333332,0.12684156,0.9150287,0.058565058,0.9891756,0.5117407100233766,0.5032956384953736,3.0,0.33775243645897746,0,0,0,1,1,1,3,0,0,0,Level_1_Low_Confidence
ZINCpJ00000qYqui,COc1nc(C(F)(F)F)ccc1C(=O)N1CC(C)(C)[C@H]1c1ccco1,0.325,0.53,0.6255351,0.695166,0.10362997,0.76995105,0.5082136795421441,0.5031587592633903,4.0,0.42599841404247957,0,1,0,1,1,1,4,0,0,1,Level_1_Low_Confidence
ZINCsx00000gmGA4,CS(=O)(=O)c1ccccc1C(=O)N1CCN(C(=O)c2ccc(Cl)s2)[C@@H](CF)C1,0.285,0.7128571428571427,0.07509911,0.8751683,0.15949242,0.9652171,0.5121390181070282,0.5031100630107983,3.0,0.356579578760346,0,0,0,1,1,1,3,0,0,0,Level_1_Low_Confidence
ZINCsr00000eJSKT,Cc1nc[nH]c1C(=O)NC[C@H]1CC12CCN(C(=O)c1cc(Cl)ncc1O)CC2,0.3,0.59,0.21303055,0.8773195,0.097646974,0.9902351,0.5113720209896564,0.5028881531002674,3.0,0.38385011347648124,0,0,0,1,1,1,3,0,0,0,Level_1_Low_Confidence
ZINCrG000002NgTu,C/C=C/C[C@H](C)C(=O)NC1CC(C)(NC(=O)c2cccc([N+](=O)[O-])c2Cl)C1,0.225,0.3883333333333333,0.04661345,0.5095598,0.8844868,0.9999474,0.5089901362939013,0.5027587942860087,3.0,0.3499132240434556,0,0,1,0,1,1,3,0,0,0,Level_1_Low_Confidence
ZINCtf00000ycTRw,O=C(NC[C@@H]1CN(C(=O)C2([C@@H]3CCCO3)CC2)CCC1(F)F)c1ccnnc1O,0.205,0.535,0.4731476,0.886254,0.0048609963,0.9650083,0.5115451546944678,0.502689592555588,3.0,0.244898696810835,0,0,0,1,1,1,3,0,0,0,Level_1_Low_Confidence
ZINCmD000009ZhTB,O=C(c1sccc1Cl)N1CCCC12CN(Cc1cscn1)C2,0.295,0.52,0.3645449,0.65658534,0.23841591,0.98297614,0.5095870473980904,0.5026506654167852,3.0,0.45267964079246226,0,0,0,1,1,1,3,0,0,0,Level_1_Low_Confidence
ZINCsS00001JHn6M,Cc1ccc(CCN(C[C@@H]2CCOC(C)(C)C2)C(=O)c2cc(Cl)cn2C)cc1,0.275,0.605,0.6641344,0.82539797,0.041584425,0.63673055,0.507974554648002,0.5025632112806147,4.0,0.36628204971366757,0,1,0,1,1,1,4,0,0,1,Level_1_Low_Confidence
ZINCpm00000Kh9la,CO[C@@H](C(=O)N[C@H]1CC[C@H](NC(=O)c2ccc([N+](=O)[O-])o2)C1)C(C)C,0.31,0.265,0.51452637,0.0142876,0.925037,0.9998036,0.5047757660970092,0.5025448728609063,3.0,0.2869732292895183,0,1,1,0,0,1,3,0,0,0,Level_1_Low_Confidence
ZINCsj000002CAx3,CO[C@@]1(C(=O)N2CCN(C(=O)c3ccc(F)c(Cl)c3)C[C@H](O)C2)CCCOC1,0.34,0.65,0.7126598,0.57331455,0.110361606,0.6521578,0.506415618856748,0.5025286740867804,4.0,0.4319893392703077,0,1,0,1,1,1,4,0,0,1,Level_1_Low_Confidence
ZINCpo00000bRZkq,O=C(NC1CN(C(=O)C2(C3CC3)CC2)C1)c1c[nH]nc1-c1ccco1,0.24,0.42,0.62617886,0.7749383,0.01858421,0.9803213,0.5100037740916014,0.5025101559001504,3.0,0.31021045681333104,0,1,0,0,1,1,3,0,0,0,Level_1_Low_Confidence
ZINCsx00000bXgF1,COc1ncccc1CC(=O)NCC1CN(C(=O)c2cc3scc(Cl)c3[nH]2)C1,0.345,0.545,0.62479454,0.5497821,0.011966002,0.97401756,0.5084267004641394,0.5024357786100913,4.0,0.30160824794104696,0,1,0,1,1,1,4,0,0,1,Level_1_Low_Confidence
ZINCtA00000kQmcM,C[C@H](NC(=O)[C@H]1CCCc2ccnn21)C1CN(C(=O)c2cc(Cl)cc(Cl)c2O)C1,0.27,0.5075,0.5848855,0.597114,0.10193755,0.99423355,0.5092784334222475,0.5024001672906232,4.0,0.4114260182449351,0,1,0,1,1,1,4,0,0,1,Level_1_Low_Confidence
ZINCrB00000c8p7K,Cc1cnc(Br)cc1NC(=O)[C@@]1(C)CCN1Cc1ccc(S(C)(=O)=O)cc1,0.31,0.6025,0.067630306,0.8964711,0.19069487,0.9971725,0.5107447887460391,0.5021130379611718,3.0,0.3593499690845542,0,0,0,1,1,1,3,0,0,0,Level_1_Low_Confidence
ZINCth00001rXTyM,CCN(C(=O)[C@H]1NCC[C@H]1O)C1(C(N)=O)CCN(C(=O)c2cc(Cl)c(Br)s2)CC1,0.31,0.6475,0.24221775,0.6710771,0.1992327,0.9882013,0.5097048066059748,0.502101068073976,3.0,0.43115257036018156,0,0,0,1,1,1,3,0,0,0,Level_1_Low_Confidence
ZINCtF00000lblV2,COc1ccc(OC)c(C(=O)N2CCN(C(=O)c3csnc3Cl)[C@@H](C)C[C@H]2C)c1,0.255,0.6891666666666667,0.21979912,0.9452796,0.09120761,0.8637913,0.5107073794470893,0.5020494765902805,3.0,0.37712190565674536,0,0,0,1,1,1,3,0,0,0,Level_1_Low_Confidence
ZINCtJ00000Cxl7Z,C[C@H]1CC[C@@H](NC(=O)c2csc3cc(Cl)ccc23)CN1C(=O)c1cccnc1N,0.375,0.48,0.5970495,0.7139122,0.055886555,0.8198447,0.5069488236556451,0.5020476226223276,3.0,0.3899369842155288,0,1,0,0,1,1,3,0,0,0,Level_1_Low_Confidence
ZINCto00000cO3Kn,Cc1nc2sccn2c(=O)c1CCN1CC[C@H](CNC(=O)[C@H]2CCCO[C@H]2C)C1,0.335,0.44,0.66934425,0.2344511,0.54559755,0.80099154,0.5042307391762734,0.5018762493471727,3.0,0.4649967729998855,0,1,1,0,0,1,3,0,0,0,Level_1_Low_Confidence
ZINCqC00000kwbPu,Cc1nn2c(c1I)N(C(=O)c1cc([N+](=O)[O-])ccn1)CC[C@@H]2C(F)(F)F,0.27,0.375,0.63137,0.16999562,0.5886629,0.9999216,0.5058250285188357,0.5018362956689605,3.0,0.43084880465841674,0,1,1,0,0,1,3,0,0,0,Level_1_Low_Confidence
ZINCt500002pGfWU,COn1cnc(C)c1C(=O)N1CCO[C@@H](C2CN(C(=O)CS(=O)(=O)C3CC3)C2)C1,0.22,0.68,0.28982922,0.93834895,0.03708432,0.9004417,0.5109506996969382,0.5017458220756222,3.0,0.33279797456636684,0,0,0,1,1,1,3,0,0,0,Level_1_Low_Confidence
ZINCqn00001E6t7V,CCOc1ccc(C(=O)N2CCN(C(=O)CN=S(C)(C)=O)CC2)cc1Cl,0.305,0.5791666666666666,0.505759,0.5538503,0.5551373,0.52675784,0.5042785122659471,0.5016505539135447,5.0,0.49363786729474707,0,1,1,1,1,1,5,0,0,1,Level_1_Low_Confidence
ZINCrA00000xlXMf,COc1sc(C(=O)N2CCC[C@H]2c2cn(C[C@H](O)C(F)(F)F)nn2)cc1Br,0.18,0.59,0.07547039,0.8602504,0.4068171,0.9515741,0.5106853328148524,0.5015638608015175,3.0,0.3724442731539478,0,0,0,1,1,1,3,0,0,0,Level_1_Low_Confidence
ZINCtd000017EtKx,CC[C@@H]1CN(C(=O)c2cnc[nH]2)CCN1C(=O)CCc1ccc(S(N)(=O)=O)cc1,0.37,0.5,0.52507067,0.15453215,0.6763116,0.7945248,0.5034065362811089,0.5015168474287006,3.0,0.4478271687867577,0,1,1,0,0,1,3,0,0,0,Level_1_Low_Confidence
ZINCrl00001fVluE,COc1cc(F)c(Cl)cc1S(=O)(=O)N[C@@H]1CCCN(c2cc(O)ncn2)C1,0.23,0.7591666666666668,0.28220895,0.9716381,0.01501434,0.80373156,0.5102932667214838,0.5014292416585077,3.0,0.2885977395696603,0,0,0,1,1,1,3,0,0,0,Level_1_Low_Confidence
ZINCsl00000jhZWN,Cn1ncnc1C(=O)N1CCCC12CN(C(=O)c1cc3c[nH]nc3cc1Br)C2,0.2925,0.455,0.6462466,0.6763081,0.03807714,0.9381746,0.5077177418768406,0.5013773335114861,3.0,0.35722185219588437,0,1,0,0,1,1,3,0,0,0,Level_1_Low_Confidence
ZINCsM000006CdOk,CC(C)(C)c1ncsc1C(=O)NC1CC2(CCN(c3snc(Cl)c3C#N)C2)C1,0.31,0.5866666666666667,0.085146144,0.8053489,0.2857059,0.98308164,0.5093248694803979,0.5013718374203846,3.0,0.3897042619126913,0,0,0,1,1,1,3,0,0,0,Level_1_Low_Confidence
ZINCqx0000007F73,Cc1cc(C(=O)Nc2cc(S(=O)(=O)N3CCOCC3)ccc2F)sc1C,0.2,0.7516666666666666,0.085132524,0.84393334,0.3513115,0.82597995,0.5096706646349695,0.5010559856842314,3.0,0.38254876440998337,0,0,0,1,1,1,3,0,0,0,Level_1_Low_Confidence
ZINCtD000004jIDt,CC(=O)c1cnc(Cl)nc1N1CC(c2ocnc2CNC(=O)CCC(C)(C)C)C1,0.29,0.455,0.72377634,0.7769392,0.008595853,0.78311807,0.506238246007512,0.5006992755970316,3.0,0.28167794357426984,0,1,0,0,1,1,3,0,0,0,Level_1_Low_Confidence
ZINCtA00000m8rrO,O=C([C@H]1CCCN1C1CC1)N1CCN(C(=O)CSc2ccccc2Cl)[C@@H](CF)C1,0.365,0.595,0.35367185,0.9494863,0.65615815,0.08712789,0.5010740333298842,0.5006526630229138,3.0,0.40118447955079267,0,0,1,1,1,0,3,0,0,0,Level_1_Low_Confidence
ZINCtx00000y3zpx,Cc1ncc(CO)c(CNC(=O)[C@H]2CCN(C(=O)c3ccc(Br)c(Cl)c3)C2)c1O,0.295,0.525,0.41160747,0.7098582,0.11634191,0.98930496,0.5078520873685678,0.5005311846838775,3.0,0.41634219141932177,0,0,0,1,1,1,3,0,0,0,Level_1_Low_Confidence
ZINCtx00000Lxfiy,CCc1cc(C(=O)N[C@@H](C)[C@@H]2CCCN(S(=O)(=O)c3cc(F)ccc3F)C2)on1,0.23,0.7004166666666667,0.30516276,0.84597564,0.5012549,0.4470581,0.504978014893002,0.5002003617545955,3.0,0.4587394115806732,0,0,1,1,1,0,3,0,0,0,Level_1_Low_Confidence
ZINCqx0000007Gzp,Cc1cc(C)c(S(=O)(=O)NC(=O)c2cn(C)nc2[C@@H]2CCCO2)cc1Br,0.265,0.6200000000000001,0.40731332,0.75943226,0.078369856,0.91641706,0.5077554152409236,0.5000446797199283,3.0,0.39238847028669277,0,0,0,1,1,1,3,0,0,0,Level_1_Low_Confidence
ZINCtn00000Vf8oS,Cc1noc(Cl)c1CC(=O)N1CCCC[C@H]1C1(NC(=O)[C@@H]2CCCS2(=O)=O)CC1,0.23,0.72,0.050384164,0.9267474,0.13802984,0.99559605,0.5101262400547664,0.5000066249495279,3.0,0.31944442967569864,0,0,0,1,1,1,3,0,0,0,Level_1_Low_Confidence
ZINCrN00000p5hud,Cc1ccc(CN2C(=O)CCN(C3(c4cc(F)c(F)c(F)c4)CC3)C2=O)s1,0.273,0.6,0.3170036,0.9245791,0.09912685,0.8317411,0.5075751065512498,0.4999119994488168,3.0,0.39772565666865245,0,0,0,1,1,1,3,0,0,0,Level_1_Low_Confidence
ZINCtR00000x0bCL,O=C(c1cc(Cl)cc(Cl)c1Cl)N1CCO[C@H](C(=O)N2Cc3ccc(Br)cc3C2)C1,0.29,0.59,0.35355872,0.69656515,0.12805213,0.9867383,0.5074857208132744,0.49986430553257033,3.0,0.4178723974683834,0,0,0,1,1,1,3,0,0,0,Level_1_Low_Confidence
ZINCsp00000FeKmw,COc1cc(C(=O)N2CC[C@](C)(NC(=O)[C@H]3C[C@H]3C)C2)c([N+](=O)[O-])cc1OC,0.2225,0.4,0.1244002,0.65061206,0.64479727,0.9993129,0.5069370663166046,0.4998550088270336,3.0,0.40842248455658714,0,0,1,0,1,1,3,0,0,0,Level_1_Low_Confidence
ZINCtA00000m8s7n,O=C([C@H]1CCCS1)N1CC[C@H]2[C@H](CCN2C(=O)CCOc2ccc(F)c(F)c2)C1,0.225,0.62375,0.20158228,0.9388993,0.078016065,0.9896615,0.5094848568737507,0.49981402750133613,3.0,0.3564422645452728,0,0,0,1,1,1,3,0,0,0,Level_1_Low_Confidence
ZINCrm000011lxaM,Cc1nc(Cl)sc1C(=O)N1CCc2c(C(=O)N3CC[C@](C)(O)C3)n[nH]c2C1,0.26,0.595,0.37601542,0.83754337,0.0016840636,0.98008335,0.5083877005024503,0.49979245939074035,3.0,0.20775626483403364,0,0,0,1,1,1,3,0,0,0,Level_1_Low_Confidence
ZINCrB00000c8p8m,Cc1cnc(Br)cc1NC(=O)[C@H]1CN(C(=O)c2c(O)cccc2F)CCS1,0.27,0.5575,0.31418,0.78858083,0.11960337,0.9980926,0.5079927977422873,0.49978224527751297,3.0,0.40559376655607154,0,0,0,1,1,1,3,0,0,0,Level_1_Low_Confidence
ZINCtz00000newUo,Nc1ccc(C(=O)N2CCC3(CC[C@@H](CNC(=O)[C@@H](F)C4CC4)O3)CC2)cc1Cl,0.285,0.525,0.58132863,0.8394969,0.034150627,0.7704386,0.5059024631728729,0.4997229079458307,4.0,0.352584824137159,0,1,0,1,1,1,4,0,0,1,Level_1_Low_Confidence
ZINCsN00000N6DHY,CSc1ccc(NC(=O)[C@@H]2CN(C(=O)c3cc(Cl)c(Cl)s3)CC[C@H]2O)c(F)c1,0.18125,0.7140000000000001,0.086847715,0.972735,0.11106247,0.99641156,0.5103844553132851,0.4996154620723521,3.0,0.32642935429409065,0,0,0,1,1,1,3,0,0,0,Level_1_Low_Confidence
ZINCsB00000vTfny,Nc1cccc(C(=O)N(Cc2cc([N+](=O)[O-])sn2)C[C@H]2C(F)(F)C23CCC3)n1,0.27,0.43,0.027428988,0.6948432,0.6176164,0.9999978,0.5066477285077174,0.4995827761350582,3.0,0.33312542431216985,0,0,1,0,1,1,3,0,0,0,Level_1_Low_Confidence
ZINCtC00000jKmt5,C[C@@H]1C[C@H](NC(=O)c2cc3ccc(Cl)cc3o2)CN(C(=O)C2CCS(=O)CC2)C1,0.33,0.565,0.86880285,0.21115759,0.05272623,0.99732584,0.5041687507927418,0.499487739947248,3.0,0.34873244417323107,0,1,0,1,0,1,3,0,0,0,Level_1_Low_Confidence
ZINCss00000xNZS6,CC(=O)c1ccc(C(=O)N2C[C@H]3CC[C@H]2CN3S(=O)(=O)c2ccoc2)cc1F,0.24,0.7116666666666666,0.18847269,0.89829236,0.017662397,0.99988765,0.5093302932423022,0.4994485020873535,3.0,0.2827216970848871,0,0,0,1,1,1,3,0,0,0,Level_1_Low_Confidence
ZINCsK00000bSj1I,C[C@]1(c2ccc(F)c(Br)c2)CNCCN1C(=O)Cc1cc(Cl)cc2c1OCC2,0.305,0.545,0.2512042,0.821943,0.13013592,0.99089986,0.507363827029864,0.4994096694939525,3.0,0.4051961536262787,0,0,0,1,1,1,3,0,0,0,Level_1_Low_Confidence
ZINCmj00000f4mYr,CN1N=CC=C1S(=O)(=O)N1CCC(CC2=CC(O)=CC=C2)C1,0.245,0.545,0.4903663,0.77748,0.6782303,0.27155998,0.5012727642059326,0.499335520787442,3.0,0.45920072551203467,0,0,1,1,1,0,3,0,0,0,Level_1_Low_Confidence
ZINCtE00000raUi7,CN1C(C(=O)N2CC[C@H]3CN(C(=O)CC(C)(C)C#N)C[C@H]32)=CC2=CC(Cl)=CC=C21,0.255,0.49,0.678104,0.69793147,0.21609104,0.6875781,0.5041174284617106,0.49932667552579374,3.0,0.4542560138911712,0,1,0,0,1,1,3,0,0,0,Level_1_Low_Confidence
ZINCsK00000bSj1u,CC1(c2ccc(Cl)cc2)CCN(C(=O)c2cc(F)c3c(c2)NC(=O)CO3)CC1,0.33,0.515,0.46337494,0.5340162,0.23221971,0.9557833,0.5050656921664873,0.49931112619579254,3.0,0.45885743898246234,0,0,0,1,1,1,3,0,0,0,Level_1_Low_Confidence
ZINCrn00000HmuSY,CC(C)CS(=O)(=O)NC[C@H]1CCN(C(=O)c2cc(O)ccc2O)CC1(F)F,0.225,0.5491666666666667,0.17807406,0.39869782,0.73698825,0.9440773,0.5053340185350842,0.49929327537545637,3.0,0.42749714947489026,0,0,1,1,0,1,3,0,0,0,Level_1_Low_Confidence
ZINCrF00000vLd3Z,Cc1c(Cl)cccc1S(=O)(=O)N1CCN(C(=O)[C@@H]2CC2(C)C)[C@@H](C(C)C)C1,0.31,0.675,0.10473336,0.95784783,0.12347589,0.87392914,0.5074977043767771,0.4992118868422001,3.0,0.36239670090100484,0,0,0,1,1,1,3,0,0,0,Level_1_Low_Confidence
ZINCqO00000FOqDt,O=C([C@@H]1CCCS1(=O)=O)N1CCC[C@@H]1c1nc(-c2cc(Cl)sc2Cl)cs1,0.21,0.716,0.3515599,0.767791,0.008021439,0.9983516,0.5086206489590307,0.4991500738072373,3.0,0.26221150660473624,0,0,0,1,1,1,3,0,0,0,Level_1_Low_Confidence
ZINCos00000sXQmx,C[C@H]1CCN([C@@H](C(=O)NC2CC2)c2cc3ccsc3n2C)C[C@H]1O,0.165,0.445,0.48970148,0.791962,0.6129428,0.51591074,0.5034195111195247,0.4990845376549037,3.0,0.4561199243249233,0,0,1,0,1,1,3,0,0,0,Level_1_Low_Confidence
ZINCrC00000bDpG5,O=C(c1cc(Cl)cs1)N1CCO[C@@]2(CCN(C(=O)[C@@H]3C[C@H]3C3CCC3)C2)C1,0.285,0.52,0.48337713,0.73211366,0.066575505,0.95004565,0.5061853230496247,0.4990143048256001,3.0,0.3861849028324872,0,0,0,1,1,1,3,0,0,0,Level_1_Low_Confidence
ZINCqP00000iheSN,CCCC[C@H](CCC)CNC(=O)[C@@H]1COc2c(cc(Cl)cc2[N+](=O)[O-])C1,0.145,0.405,0.18645504,0.5718321,0.7306942,0.99939984,0.5063968628644943,0.4990136766222351,3.0,0.407402263079046,0,0,1,0,1,1,3,0,0,0,Level_1_Low_Confidence
ZINCsA000005D7PR,C[C@H](NC(=O)[C@H]1C[C@@H]2C[C@@H]2N1C(=O)c1cncc(O)c1)c1c(F)cccc1Cl,0.23916666666666667,0.5125,0.13001217,0.9343052,0.286759,0.9420932,0.5074727016356256,0.4989439586763122,3.0,0.39879193406785857,0,0,0,1,1,1,3,0,0,0,Level_1_Low_Confidence
ZINCtF000009hJPY,CCCc1nc(C)c(C(=O)NCC[C@H]2CCN(C(=O)c3ccc(F)cc3O)C2)s1,0.27,0.54375,0.5456854,0.90929794,0.0029834374,0.76104534,0.5054603546205908,0.49875536825151195,4.0,0.2342914860647202,0,1,0,1,1,1,4,0,0,1,Level_1_Low_Confidence
ZINCrP000012uU8M,C[C@H](Cc1cnco1)C(=O)N(Cc1sccc1Cl)C[C@H](O)CC1CCCC1,0.2955,0.535,0.039727133,0.767698,0.41156918,0.9886677,0.506360337888201,0.49867278790008934,3.0,0.35381834679012203,0,0,0,1,1,1,3,0,0,0,Level_1_Low_Confidence
ZINCr800000Y4AVN,CCSCC(=O)NCCN1CCN(C(=O)c2nn(C)c(C)c2[N+](=O)[O-])CC1,0.37,0.26,0.55369383,0.13284083,0.68888414,0.99965876,0.500846260090669,0.4985027529056191,3.0,0.4117456773581339,0,1,1,0,0,1,3,0,0,0,Level_1_Low_Confidence
ZINCqC000000xtJR,C=CCC1(NC(=O)[C@H]2CCCCO2)CCN(c2snc(Cl)c2C#N)CC1,0.32,0.5745833333333333,0.20396625,0.51957667,0.50669503,0.89881015,0.5039385712477896,0.49834831722521045,4.0,0.45500998416539,0,0,1,1,1,1,4,0,0,1,Level_1_Low_Confidence
ZINCtG00000QWyyp,Cc1cc([N+](=O)[O-])cnc1C(=O)N1C[C@@H]2C[C@H]1CN2c1nc2cccc(Cl)c2s1,0.24,0.53,0.55909836,0.6251262,0.080885045,0.9999823,0.5058486481010914,0.4983482947015592,4.0,0.3914118120117702,0,1,0,1,1,1,4,0,0,1,Level_1_Low_Confidence
ZINCsM000006CfKg,CC(C)(C)c1nnc(N2CCc3ccccc3[C@H]2CNC(=O)[C@H]2CC2(Cl)Cl)s1,0.3225,0.48,0.0031848594,0.8164722,0.67611074,0.721158,0.5032376340450719,0.49816089069133895,3.0,0.24106924898760165,0,0,1,0,1,1,3,0,0,0,Level_1_Low_Confidence
ZINCsT00000N6DIC,CSc1ccc(NC(=O)N2CCC23CN(Cc2cc(Cl)cc(Cl)c2O)C3)cc1,0.185,0.66,0.24407983,0.9430624,0.031758033,0.98638517,0.5083809087177117,0.49815780651167774,3.0,0.30958602867879687,0,0,0,1,1,1,3,0,0,0,Level_1_Low_Confidence
ZINCpQ000010syBf,COc1ccc(I)cc1C(=O)N1CCC[C@@H]1c1csc(CC2CC2)n1,0.245,0.6383333333333333,0.25644988,0.9676712,0.0011955862,0.934909,0.5072598332241695,0.4979974260144309,3.0,0.18744866745503183,0,0,0,1,1,1,3,0,0,0,Level_1_Low_Confidence
ZINCsB00000vTfnm,Nc1cccc(C(=O)N2CCCC3(CC(Nc4ncc(Cl)c(O)n4)C3)C2)c1Cl,0.315,0.54,0.2162881,0.8856637,0.08106402,0.99805945,0.5060125445822875,0.49775685162620337,3.0,0.371676462318168,0,0,0,1,1,1,3,0,0,0,Level_1_Low_Confidence
ZINCsw00000jILEb,CCCc1nc(C(=O)NCCN(C(=O)[C@@H]2C[C@H]2[N+](=O)[O-])C2CCCCC2)cs1,0.17,0.345,0.1341296,0.59516966,0.7846099,0.9985987,0.5045846451322238,0.49760592457673225,3.0,0.39271700072116644,0,0,1,0,1,1,3,0,0,0,Level_1_Low_Confidence
ZINCtA00000m8uK9,O=C([C@H]1CSc2ccccc2O1)N1CCCN(C(=O)[C@H]2CC23CC(F)(F)C3)CC1,0.315,0.635,0.09108186,0.985756,0.02970525,0.98136044,0.5063172539696098,0.497175113433536,3.0,0.2838950961870345,0,0,0,1,1,1,3,0,0,0,Level_1_Low_Confidence
ZINCtP00001rhB48,C=C[C@H]1CN(C(=O)c2cc(Cl)cc(C)c2O)C[C@H]1Nc1nc2cccc(C)c2o1,0.335,0.5075,0.54074734,0.75513816,0.0052763266,0.87604576,0.5032845988900712,0.49712602423385094,4.0,0.26165358387407417,0,1,0,1,1,1,4,0,0,1,Level_1_Low_Confidence
ZINCtm00000nB2SF,CCc1noc([C@@]23CCN(C)C[C@@H]2CN(C(=O)[C@H](O)c2ccc(F)c(F)c2)C3)n1,0.25,0.475,0.8053553,0.5328585,0.0021078214,0.9548576,0.5033632017672062,0.4971084347328316,3.0,0.21635531816711276,0,1,0,0,1,1,3,0,0,0,Level_1_Low_Confidence
ZINCt300001Eplhv,C[C@@H](CN1CCN(C(=O)c2cnc(O)n(C)c2=O)CC1)NC(=O)[C@H](C)S(N)(=O)=O,0.315,0.46,0.668539,0.6266299,0.028893644,0.9179935,0.5028426677609483,0.49706642517225536,3.0,0.34235343623868664,0,1,0,0,1,1,3,0,0,0,Level_1_Low_Confidence
ZINCtx00000y3zpt,Cc1ncc(CNC(=O)[C@@H]2COC3(CCN(Cc4cc(Br)cs4)CC3)C2)c(=N)[nH]1,0.275,0.5175,0.30124345,0.8906445,0.08757958,0.9584581,0.5050709414482116,0.49689487481582245,3.0,0.3839784408925692,0,0,0,1,1,1,3,0,0,0,Level_1_Low_Confidence
ZINCto00000ZwRcK,O=C(CCc1cccnc1Cl)N[C@H]1CCC12CN(C(=O)CS[C@@H]1CCOC1=O)C2,0.265,0.585,0.24805139,0.66357213,0.2707717,0.9952107,0.5046009903152784,0.4968542409196812,3.0,0.43607211125291556,0,0,0,1,1,1,3,0,0,0,Level_1_Low_Confidence
ZINCse00001CANtd,Cc1cn2c(n1)CN(C(=O)C[C@H](NC(=O)C13C(=O)C4C[C@H]1[C@H]3C4)C(F)F)CC2,0.23,0.55,0.38797554,0.9198744,0.038944185,0.9048849,0.5052798388401668,0.4968536579228462,3.0,0.3416723972649804,0,0,0,1,1,1,3,0,0,0,Level_1_Low_Confidence
ZINCqC00000lenBy,C[C@H](CC1(O)CCC1)NC(=O)[C@@H]1CCN(C(=O)c2cscc2Cl)C12CC2,0.3066666666666667,0.5875,0.23736376,0.9195316,0.03384556,0.94583154,0.5051231836941508,0.49681435667735746,3.0,0.32859566504011184,0,0,0,1,1,1,3,0,0,0,Level_1_Low_Confidence
ZINCtc00000o6Nsh,NS(=O)(=O)c1ccc(C(=O)N2C[C@@H](NC(=O)COCC(F)(F)F)CC3(CC3)C2)o1,0.28,0.625,0.04671498,0.7867537,0.31261232,0.97974896,0.5051383305837711,0.4967993626516338,3.0,0.3540590133374064,0,0,0,1,1,1,3,0,0,0,Level_1_Low_Confidence
ZINCtU00000wYwk9,Cc1nc(NC(=O)[C@@H]2[C@H]3CC[C@H](C3)N2c2ncnc3cc(Br)sc23)c(Br)nc1Br,0.205,0.485,0.07337051,0.6422194,0.63626266,0.9838612,0.5042856327195963,0.49674972056074346,3.0,0.37833670143781784,0,0,1,0,1,1,3,0,0,0,Level_1_Low_Confidence
ZINCtt00000xdT7i,CO[C@H]1CC[C@@H](C)N(S(=O)(=O)c2ccc(N3CCc4nccnc4C3)c(F)c2)C1,0.25,0.6266666666666666,0.48917615,0.7851075,0.09862012,0.77158034,0.5035251282321082,0.4967484030268434,3.0,0.40749249209004174,0,0,0,1,1,1,3,0,0,0,Level_1_Low_Confidence
ZINCs5000003VHlO,COc1n[nH]c(C(=O)NCC2(C(N)=O)CN(C(=O)Cc3cnc(C)o3)C2)c1Cl,0.31,0.5325,0.5988423,0.5392335,0.041354124,0.9967746,0.5031174276520809,0.4966805987947798,4.0,0.36056293077047585,0,1,0,1,1,1,4,0,0,1,Level_1_Low_Confidence
ZINCsp00000TD88a,Cn1cc(C(=O)N[C@H]2CCc3ncc([N+](=O)[O-])cc3C2)c(OCC(F)(F)F)n1,0.285,0.27,0.5223989,0.28765595,0.63785046,0.99990606,0.5004685608545939,0.4964886195101636,3.0,0.4411914130824427,0,1,1,0,0,1,3,0,0,0,Level_1_Low_Confidence
ZINCsl00000jhV9L,Cn1nc(C(=O)N2CCC[C@]3(CCN3C(=O)c3cnoc3C3CC3)C2)cc1O,0.25,0.55,0.27245894,0.94482,0.01675762,0.99898535,0.5055036496991913,0.49629022997163286,3.0,0.28981490511214514,0,0,0,1,1,1,3,0,0,0,Level_1_Low_Confidence
ZINCrM00000g6k4r,CC(C)CCCC(=O)NC[C@]12CN(C(=O)c3c(Cl)csc3Cl)C[C@H]1CCO2,0.345,0.52,0.48799485,0.7901116,0.011217762,0.86039245,0.5024527773509423,0.4962602545846755,3.0,0.29563429990030693,0,0,0,1,1,1,3,0,0,0,Level_1_Low_Confidence
ZINCsp00000FeImJ,COc1cc(C(=O)N2CC[C@H]3CCN(C(=O)c4ccc(F)cc4O)C[C@H]32)on1,0.235,0.64,0.23198111,0.90755,0.02143131,0.9993031,0.505877583908538,0.49625186669224114,3.0,0.29640543441688255,0,0,0,1,1,1,3,0,0,0,Level_1_Low_Confidence
ZINCsg0000135AWj,Cc1n[nH]cc1CC(=O)NC1CC2(C1)C[C@H]2NC(=O)c1ccc([N+](=O)[O-])cn1,0.175,0.36,0.015045052,0.68469894,0.7877946,0.99999404,0.5037554368749261,0.49624385066304005,3.0,0.2827748098926246,0,0,1,0,1,1,3,0,0,0,Level_1_Low_Confidence
ZINCrj00000hChZn,Cc1ncncc1C(=O)N1CCn2c(nc(C(=O)N3C[C@@H]4C[C@H]4C3)c2Cl)C1,0.305,0.57,0.35398483,0.9436183,0.006071606,0.84265053,0.5035542115413895,0.4960936050514643,3.0,0.25831589639789504,0,0,0,1,1,1,3,0,0,0,Level_1_Low_Confidence
ZINCoP000010syCt,COc1ccc(I)c(S(=O)(=O)N2CCC[C@H](c3ccc(Cl)s3)C2)c1,0.2,0.6816666666666665,0.23721333,0.97734946,0.012277947,0.926635,0.5058570715019273,0.4959721739133973,3.0,0.26666800570539523,0,0,0,1,1,1,3,0,0,0,Level_1_Low_Confidence
ZINCrE00000X5oT3,Cc1cc(OC2CCN(C(=O)c3cc(OC(F)(F)F)ccc3F)CC2)n[nH]1,0.27,0.505,0.039985135,0.7238574,0.7148582,0.75480723,0.5014179910222689,0.4959178005084923,4.0,0.3586827125224457,0,0,1,1,1,1,4,0,0,1,Level_1_Low_Confidence
ZINCrv00000PRFZb,CC(C)N1CCC(C(=O)NCC2(CN(C)c3ncc([N+](=O)[O-])s3)CC2)CC1,0.255,0.335,0.25380802,0.537371,0.6297736,0.9998709,0.5018039190769196,0.495898515421448,3.0,0.44080734433682034,0,0,1,0,1,1,3,0,0,0,Level_1_Low_Confidence
ZINCrs0000046oiU,Nc1cccc(Cl)c1C(=O)N1CC[C@@]2(C1)CN(C(=O)[C@@H]1CCCS1)CCO2,0.295,0.64,0.14004503,0.86631805,0.0919662,0.9951161,0.5047408984104792,0.49589145136851787,3.0,0.3577460447001442,0,0,0,1,1,1,3,0,0,0,Level_1_Low_Confidence
ZINCtA00000kQlUX,C[C@H](NC(=O)[C@H]1CCC2(CCC2)O1)C1CN(C(=O)CCc2ccc(O)c(Cl)c2)C1,0.3016666666666667,0.5366666666666667,0.74502164,0.42666164,0.051553886,0.9467903,0.5013934632225169,0.49588415778486433,3.0,0.36869445447782223,0,1,0,1,0,1,3,0,0,0,Level_1_Low_Confidence
ZINCtU00000wZfSt,CCOc1ccc(-c2ccc(C3(C(=O)N4C[C@H]5C[C@@H]5C4)CCCC3)cc2)c(F)c1,0.265,0.585,0.22495076,0.81931055,0.39227355,0.72601604,0.5020918160676956,0.49587645525627944,3.0,0.4484824968989946,0,0,0,1,1,1,3,0,0,0,Level_1_Low_Confidence
ZINCrA00000kUo9C,N#Cc1cc(C(=O)N2C[C@@H](NC(=O)c3cc(F)ccc3Br)C3(CC3)C2)co1,0.28,0.5775,0.10215575,0.90159184,0.250142,0.91204876,0.5039063925047715,0.49579631738840263,3.0,0.38773164792901754,0,0,0,1,1,1,3,0,0,0,Level_1_Low_Confidence
ZINCqs000006tTNh,Cc1nc(CC(=O)NCCC2(NC(=O)c3nccc(Cl)c3O)CC2)cs1,0.265,0.6525,0.12689503,0.9368753,0.05302539,0.9967129,0.5051681038488944,0.49560129753241294,3.0,0.3206277614083079,0,0,0,1,1,1,3,0,0,0,Level_1_Low_Confidence
ZINCts000001TXVI,CCN(C(=O)c1c[nH]cc(F)c1=O)[C@H]1CCN(C(=O)c2ccc(O)c(F)c2F)C1,0.27,0.575,0.27355173,0.92608905,0.0036074799,0.9778715,0.5043532896911104,0.49545878401217675,3.0,0.22752803703281874,0,0,0,1,1,1,3,0,0,0,Level_1_Low_Confidence
ZINCsN00000gCti7,O=S(=O)(CCCCCl)N1CCc2cc(-c3ccc(Br)c4nonc34)ccc2C1,0.27166666666666667,0.5776666666666667,0.590276,0.47021946,0.12685695,0.97456336,0.5018748520745171,0.49540872733347796,3.0,0.41866400566904444,0,1,0,1,0,1,3,0,0,0,Level_1_Low_Confidence
ZINCtf00001rXSGm,C[C@H]1[C@@H](O)CCCN1C(=O)[C@H]1C[C@H](F)CN1S(=O)(=O)c1cc(C(=O)O)ccc1F,0.255,0.7454166666666666,0.27657774,0.89604276,0.2237844,0.615096,0.5019862577981419,0.4954030268848928,3.0,0.431826863924373,0,0,0,1,1,1,3,0,0,0,Level_1_Low_Confidence
ZINCsQ00001dllJB,Cc1cc(C)c(C(=O)N(CC2CC2)[C@H]2CCCN(C(=O)c3scnc3Cl)C2)s1,0.29,0.54,0.5123161,0.94594234,0.054158017,0.66517425,0.5012651188174884,0.4953677691920852,4.0,0.3739372838276014,0,1,0,1,1,1,4,0,0,1,Level_1_Low_Confidence
ZINCsp00000CWFMc,CCOc1nc(C(=O)N2CCN(C(=O)c3cccc(F)c3O)[C@H]3CC[C@H]32)ns1,0.26,0.5629166666666666,0.20746548,0.9566635,0.047428697,0.99266756,0.5045236489839023,0.495312766018841,3.0,0.33316644572787313,0,0,0,1,1,1,3,0,0,0,Level_1_Low_Confidence
ZINCsj00000oQQKm,C[C@@H]1C[C@@H](NC(=O)c2ncoc2C(C)(C)C)CN(C(=O)[C@@H]2CCS(=O)(=O)C2)C1,0.21,0.645,0.09725046,0.8337413,0.26839954,0.9720181,0.5044015713532766,0.49514642325487535,3.0,0.3768712607988546,0,0,0,1,1,1,3,0,0,0,Level_1_Low_Confidence
ZINCtL000004yjyb,Cc1ncc(C(=O)N2CCCCC[C@@H](N=c3[nH]c(Cl)c(C#N)s3)C2)c(C2CC2)n1,0.273,0.5275,0.39255294,0.9448897,0.0058304095,0.87229824,0.5026785527374595,0.49488140785960966,3.0,0.25449040982559934,0,0,0,1,1,1,3,0,0,0,Level_1_Low_Confidence
ZINCsV00001JHYE1,CC1(C)C[C@@H]1CC(=O)N1CCC[C@@H](c2nc(Cc3ccc(Cl)cc3Cl)cs2)C1,0.34,0.53,0.44063234,0.87449336,0.1174797,0.69843143,0.5001728054881096,0.49484549247838083,3.0,0.422615782283549,0,0,0,1,1,1,3,0,0,0,Level_1_Low_Confidence
ZINCty00000xArlm,O=C(Nc1cnn(C2CCOCC2)c1)[C@@H]1CSCCN1S(=O)(=O)c1ccc(Br)s1,0.27,0.6964166666666667,0.051142275,0.5228289,0.5248811,0.94656473,0.5019722795751359,0.4948291455732733,4.0,0.36835279368387075,0,0,1,1,1,1,4,0,0,1,Level_1_Low_Confidence
ZINCtn00000Vf82b,Cc1noc(Cl)c1CC(=O)N1CC=C[C@@H](NC(=O)c2c[nH]nc2OCC(F)F)C1,0.28,0.5225,0.33322003,0.8844991,0.004757719,0.99337703,0.5030589761460821,0.49460236939502517,3.0,0.24258519239176018,0,0,0,1,1,1,3,0,0,0,Level_1_Low_Confidence
ZINCsN00000gCpij,O=C(c1cccs1)N1CCC[C@@]2(CCN(S(=O)(=O)c3c(Cl)cccc3Cl)C2)C1,0.235,0.7016666666666665,0.06348099,0.9754528,0.05649512,0.99631697,0.5047354206360049,0.49443483435656715,3.0,0.28834306810293614,0,0,0,1,1,1,3,0,0,0,Level_1_Low_Confidence
ZINCsx00000gmH0w,CS(=O)(=O)c1ccsc1C(=O)N1CCC2(CC1)C[C@H]2NC(=O)c1ccc(F)s1,0.2375,0.765,0.021782244,0.98252904,0.05917918,0.961934,0.504654072932899,0.4943050739591848,3.0,0.2459505943233616,0,0,0,1,1,1,3,0,0,0,Level_1_Low_Confidence
ZINCtp000016zCmC,O=C(N[C@H]1C[C@@H]2C[C@H](C1)CN(C(=O)[C@@H]1CC3(CC3)CO1)C2)c1ccc(O)nc1Cl,0.23,0.675,0.07114698,0.93081903,0.11921474,0.9994437,0.5042707446217537,0.49427242107847896,3.0,0.3271073280813925,0,0,0,1,1,1,3,0,0,0,Level_1_Low_Confidence
ZINCtH00000cKY5A,CC1(C)CCC[C@@H]1C(=O)NC[C@@H]1CN(C(=O)c2sc3cccnc3c2Cl)CCO1,0.315,0.555,0.2145288,0.7805908,0.1670673,0.9792175,0.5019007342060408,0.494247440112398,3.0,0.4105636849613174,0,0,0,1,1,1,3,0,0,0,Level_1_Low_Confidence
ZINCsp00000FeI9l,COc1cc(C(=O)N2CC[C@H]3CCN(C(=O)C4(C(F)F)CC4)C[C@H]32)cnc1O,0.165,0.57,0.39028794,0.9509865,0.0016730047,0.9444427,0.5037316890689544,0.4940902315318941,3.0,0.19510355170095664,0,0,0,1,1,1,3,0,0,0,Level_1_Low_Confidence
ZINCpx000006WaDb,O=C(/C=C/c1ccc(O)cc1Cl)N1C[C@@H]2C[C@H]1CN2C(=O)C1(Br)CC1,0.22,0.65,0.15003198,0.9588631,0.05191923,0.9934041,0.5040363971889019,0.49398428173141273,3.0,0.3193658276887176,0,0,0,1,1,1,3,0,0,0,Level_1_Low_Confidence
ZINCsN00000gCsqm,O=C(c1sc2ccccc2c1Cl)N1CCN(C(=O)c2coc(Cl)n2)C2(CC2)C1,0.3,0.625,0.13321319,0.9397254,0.020500053,0.9998853,0.5030539941042661,0.49387796101629305,3.0,0.27992548577553056,0,0,0,1,1,1,3,0,0,0,Level_1_Low_Confidence
ZINCsj00001pohYd,CN1CC2(CCN(c3ccn4ncc(S(=O)(=O)NC[C@@]5(C)C[C@@H]5Br)c4n3)C2)C1,0.32,0.66875,0.123847626,0.9130249,0.19786431,0.7828551,0.501056988487641,0.49387035998680906,3.0,0.3941293900154957,0,0,0,1,1,1,3,0,0,0,Level_1_Low_Confidence
ZINCrF00000Nb6Rv,COc1ccsc1CN(C[C@@H]1COC(C)(C)C1)C(=O)CCCn1ccnc1,0.195,0.625,0.3031936,0.8984321,0.0039128456,0.9956102,0.5035247830177347,0.49368045478233574,3.0,0.22487973692435959,0,0,0,1,1,1,3,0,0,0,Level_1_Low_Confidence
ZINCp4000015I9GX,Cc1cc(CCC(=O)N2CC(NC(=O)C3(S(N)(=O)=O)CC3)C2)n(C)n1,0.19,0.59,0.47960258,0.81264955,0.006659281,0.93525565,0.5023611751726519,0.4936376559520338,3.0,0.2545606957362529,0,0,0,1,1,1,3,0,0,0,Level_1_Low_Confidence
ZINCtN0000165254,C=CCNC(=O)[C@H](c1cc2nc(Cl)ccc2s1)N1CCc2cccc(OC)c2C1,0.26125,0.65,0.2666131,0.8523236,0.022559958,0.9620913,0.5024729953333735,0.4936142326352444,3.0,0.30702120385535,0,0,0,1,1,1,3,0,0,0,Level_1_Low_Confidence
ZINCtl00001yzh2j,C[C@@H](CN1CCN(C(=O)[C@@]2(C)CCOC2)CC1)NC(=O)CSc1ccccc1O,0.3421666666666667,0.605,0.1579844,0.9460237,0.003750764,0.9568839,0.501968241071432,0.4936085843033736,3.0,0.21923743800954545,0,0,0,1,1,1,3,0,0,0,Level_1_Low_Confidence
ZINCqo00000MkPoJ,O=C(CN1CCCCC1)N1CC[C@H]2C[C@H]1CN2C(=O)c1snc(O)c1Cl,0.32,0.5866666666666667,0.09323971,0.8824159,0.1361986,0.9930998,0.5019367784923977,0.4934950707729545,3.0,0.3575445740990023,0,0,0,1,1,1,3,0,0,0,Level_1_Low_Confidence
ZINCtx00000iw7Iu,Cc1ccc(C(=O)N2CCN(C(=O)Cc3ccon3)[C@H](C)C2)c(OC(F)(F)F)c1,0.325,0.57,0.22855902,0.8872036,0.020879261,0.9783122,0.5016590078175068,0.4934529472211151,3.0,0.30257200437969345,0,0,0,1,1,1,3,0,0,0,Level_1_Low_Confidence
ZINCtt00000f1l2M,COc1ccc(Cl)cc1C(=O)NC[C@@H]1C=CCN1C(=O)[C@H]1CCc2cncn2C1,0.2558333333333333,0.605,0.21966866,0.87769574,0.058214296,0.9980439,0.5024093199355735,0.4932875396927761,3.0,0.3466043265990098,0,0,0,1,1,1,3,0,0,0,Level_1_Low_Confidence
ZINCrh00000Sk3qV,CC1=C(C(=O)N2CC[C@](O)(CNC(=O)c3ncc(Cl)cc3O)C2)SCCO1,0.23,0.67,0.47495377,0.6423982,0.015984641,0.9757747,0.5015185493354996,0.49326152997051775,3.0,0.3002975498679433,0,0,0,1,1,1,3,0,0,0,Level_1_Low_Confidence
ZINCqz0000007Ck3,CNS(=O)(=O)c1ccc(NC[C@](C)(OC)C2CCCCC2)c([N+](=O)[O-])c1,0.195,0.44,0.15048811,0.50617784,0.70901084,0.99996394,0.500106788277626,0.49325800171135165,3.0,0.4083083886159049,0,0,1,0,1,1,3,0,0,0,Level_1_Low_Confidence
ZINCte00000Yyn9f,O=C(NC[C@H]1[C@@H]2CN(C(=O)c3cnc4[nH]c(O)nc4c3)C[C@H]12)c1snc(O)c1Cl,0.27,0.59875,0.1970197,0.9597126,0.0037925888,0.985388,0.5024438150925562,0.4931571755479651,3.0,0.22027600651054136,0,0,0,1,1,1,3,0,0,0,Level_1_Low_Confidence
ZINCsJ00000kXg0R,CN(C[C@H]1CCCN(C(=O)c2cc(Br)cc(Br)c2O)C1)C(=O)c1cccnc1,0.295,0.615,0.32042727,0.80879474,0.020659521,0.9470546,0.5011560252308845,0.4931334677111383,3.0,0.3118602573909044,0,0,0,1,1,1,3,0,0,0,Level_1_Low_Confidence
ZINCrq00000n3b32,COc1cnc(C(=O)NC2CC3(C2)CN(C(=O)c2coc(Br)n2)C3)c(F)c1,0.235,0.605,0.2640274,0.8807913,0.031811193,0.99782664,0.502409420311451,0.49308839925796,3.0,0.3187841448291672,0,0,0,1,1,1,3,0,0,0,Level_1_Low_Confidence
ZINCsJ00000kXg0y,CN(C[C@H]1CCCN(c2ncncc2I)C1)C(=O)c1ccc2sccc2c1O,0.22,0.5983333333333333,0.2587318,0.94069654,0.00030657146,0.99873084,0.5027998488034872,0.4930588099138065,3.0,0.14631007685454445,0,0,0,1,1,1,3,0,0,0,Level_1_Low_Confidence
ZINCtq00000oZeu0,C[C@H](CC(=O)NC[C@@H]1CN(C(=O)c2n[nH]cc2[N+](=O)[O-])CC12CC2)c1ccco1,0.205,0.42,0.12415203,0.72924626,0.52632046,0.9999691,0.5007813113431135,0.49294815278433735,3.0,0.4001087074933624,0,0,1,0,1,1,3,0,0,0,Level_1_Low_Confidence
ZINCtA00000m8vNv,O=C([C@H]1Cc2ccc(F)cc2O1)N1CC[C@H]2CCN(C(=O)c3csc(Cl)n3)[C@H]2C1,0.23,0.54,0.45593506,0.77675,0.013934164,0.9912051,0.5013040582773586,0.49288481310168475,3.0,0.29102148529348204,0,0,0,1,1,1,3,0,0,0,Level_1_Low_Confidence
ZINCsw000003JZh4,CC(C)CC1(C(=O)N[C@H]2CC[C@@H](C)N(C(=O)c3ccc(O)c(Cl)n3)C2)COC1,0.245,0.595,0.6347994,0.532904,0.0005923717,0.99258304,0.5001464763050899,0.4928401903912477,4.0,0.17527566312465673,0,1,0,1,1,1,4,0,0,1,Level_1_Low_Confidence
ZINCsp00000FeJwE,COc1cc(C(=O)N2CC[C@H]3[C@@H](C2)CN3C(=O)CC2CC2)cc2c1OCCO2,0.23,0.635,0.2652069,0.9341514,0.04033542,0.90451366,0.5015345653146506,0.4925437590458714,3.0,0.3312080595277627,0,0,0,1,1,1,3,0,0,0,Level_1_Low_Confidence
ZINCtn0000098IDz,COc1ccc(OC)c(C(=O)N2CC(C)(c3cn(CC(C)(C)[N+](=O)[O-])nn3)C2)c1,0.205,0.455,0.085954644,0.7167702,0.53928685,0.9999999,0.5003352580964565,0.49237727825734623,3.0,0.381832054710392,0,0,1,0,1,1,3,0,0,0,Level_1_Low_Confidence
ZINCtt00000oR4OO,CC1(C)[C@@H](C(=O)NC[C@]23C[C@H]2CN(C(=O)Cc2ccccc2[N+](=O)[O-])C3)C1(F)F,0.18,0.44,0.0365578,0.68594474,0.658279,0.9999782,0.5001266205807527,0.4921887371588683,3.0,0.33067331585674203,0,0,1,0,1,1,3,0,0,0,Level_1_Low_Confidence
ZINCrm000011lx9N,Cc1nc(Cl)ccc1S(=O)(=O)NC[C@@H]1CCN(C(=O)/C=C/c2cnc[nH]2)C1,0.325,0.6782738095238094,0.1336957,0.9274578,0.045748997,0.8921692,0.5003909167848409,0.4921449965276818,3.0,0.3220486415389162,0,0,0,1,1,1,3,0,0,0,Level_1_Low_Confidence
ZINCri000011lxaJ,Cc1nc(Cl)nc(Cl)c1NC(=O)[C@]1(O)CCN(S(=O)(=O)c2cccnc2)C1,0.315,0.7504166666666667,0.033470016,0.87153137,0.04257379,0.9957837,0.5014625879294342,0.4921346008104776,3.0,0.2576182048654514,0,0,0,1,1,1,3,0,0,0,Level_1_Low_Confidence
ZINCtz00000DDmXj,CC(C)c1c(Cl)nc[nH]c1=NC[C@@]12C[C@@H](CO1)N(C(=O)C[C@@H]1CCC[C@H](O)C1)C2,0.24,0.54,0.40826437,0.83278346,0.03154022,0.9494909,0.5003464921563864,0.49207746809573033,3.0,0.3311862875188614,0,0,0,1,1,1,3,0,0,0,Level_1_Low_Confidence
ZINCsk00000yzLdP,Cc1ncc(Cl)c(C(=O)N2CCC[C@]23CCCN(C(=O)[C@@H]2COCCO2)C3)n1,0.275,0.64,0.2556055,0.7599892,0.08578028,0.98520356,0.500263088842233,0.49184214858298597,3.0,0.3773988867430076,0,0,0,1,1,1,3,0,0,0,Level_1_Low_Confidence
ZINCrF00000X5oSp,Cc1cc([N+](=O)[O-])cc(C)c1S(=O)(=O)NCC1(c2cc(F)ccc2F)CC1,0.21,0.6075,0.045418877,0.906506,0.23881492,0.9999863,0.5013710150370995,0.491648094133071,3.0,0.3284011677851288,0,0,0,1,1,1,3,0,0,0,Level_1_Low_Confidence
ZINCsN00000gCsPB,O=C1CC(C(=O)N([C@@H]2CCSc3ccc(Br)cc32)[C@@H]2CCC23CCNCC3)C1,0.2675,0.65,0.012805695,0.98202133,0.13473089,0.95845693,0.5009191417321562,0.491441605584894,3.0,0.25613376419769807,0,0,0,1,1,1,3,0,0,0,Level_1_Low_Confidence
ZINCtG00000F9u3r,CSc1cc(F)ccc1C(=O)N1CCC12CN(C(=O)c1cc3oc(C)cc3[nH]1)C2,0.27,0.7045,0.1068124,0.9599441,0.0015335317,0.96084285,0.5006054851867568,0.4909531557696957,3.0,0.17501539547388872,0,0,0,1,1,1,3,0,0,0,Level_1_Low_Confidence
ZINCqz0000007Box,CNS(=O)(=O)c1cc(C(=O)N2CCN(c3ccc(I)cc3)CC2)sc1Br,0.245,0.7216666666666666,0.116628945,0.8645931,0.056004923,0.9963172,0.5000351384696033,0.49025649588405373,3.0,0.31595418471439485,0,0,0,1,1,1,3,0,0,0,Level_1_Low_Confidence
